apartment_id,building_id,flour_number,unit_number,bedrooms,square_footage,monthly_rent
1,Alex,1,101,1,650,1400.0
2,Alex,1,102,1,650,1400.0
3,Alex,1,103,1,650,1400.0
4,Alex,1,104,1,650,1400.0
5,Alex,1,105,3,1100,2400.0
6,Alex,1,106,3,1100,2400.0
7,Alex,1,107,3,1100,2400.0
8,Alex,1,108,3,1100,2400.0
9,Alex,1,109,4,1400,3000.0
10,Alex,1,110,4,1400,3000.0
11,Alex,2,201,1,650,1400.0
12,Alex,2,202,1,650,1400.0
13,Alex,2,203,1,650,1400.0
14,Alex,2,204,1,650,1400.0
15,Alex,2,205,3,1100,2400.0
16,Alex,2,206,3,1100,2400.0
17,Alex,2,207,3,1100,2400.0
18,Alex,2,208,3,1100,2400.0
19,Alex,2,209,4,1400,3000.0
20,Alex,2,210,4,1400,3000.0
21,Alex,3,301,1,650,1400.0
22,Alex,3,302,1,650,1400.0
23,Alex,3,303,1,650,1400.0
24,Alex,3,304,1,650,1400.0
25,Alex,3,305,3,1100,2400.0
26,Alex,3,306,3,1100,2400.0
27,Alex,3,307,3,1100,2400.0
28,Alex,3,308,3,1100,2400.0
29,Alex,3,309,4,1400,3000.0
30,Alex,3,310,4,1400,3000.0
31,Alex,4,401,1,650,1400.0
32,Alex,4,402,1,650,1400.0
33,Alex,4,403,1,650,1400.0
34,Alex,4,404,1,650,1400.0
35,Alex,4,405,3,1100,2400.0
36,Alex,4,406,3,1100,2400.0
37,Alex,4,407,3,1100,2400.0
38,Alex,4,408,3,1100,2400.0
39,Alex,4,409,4,1400,3000.0
40,Alex,4,410,4,1400,3000.0
41,Alex,5,501,1,650,1400.0
42,Alex,5,502,1,650,1400.0
43,Alex,5,503,1,650,1400.0
44,Alex,5,504,1,650,1400.0
45,Alex,5,505,3,1100,2400.0
46,Alex,5,506,3,1100,2400.0
47,Alex,5,507,3,1100,2400.0
48,Alex,5,508,3,1100,2400.0
49,Alex,5,509,4,1400,3000.0
50,Alex,5,510,4,1400,3000.0
51,Alex,6,601,1,650,1400.0
52,Alex,6,602,1,650,1400.0
53,Alex,6,603,1,650,1400.0
54,Alex,6,604,1,650,1400.0
55,Alex,6,605,3,1100,2400.0
56,Alex,6,606,3,1100,2400.0
57,Alex,6,607,3,1100,2400.0
58,Alex,6,608,3,1100,2400.0
59,Alex,6,609,4,1400,3000.0
60,Alex,6,610,4,1400,3000.0
61,Alex,7,701,1,650,1400.0
62,Alex,7,702,1,650,1400.0
63,Alex,7,703,1,650,1400.0
64,Alex,7,704,1,650,1400.0
65,Alex,7,705,3,1100,2400.0
66,Alex,7,706,3,1100,2400.0
67,Alex,7,707,3,1100,2400.0
68,Alex,7,708,3,1100,2400.0
69,Alex,7,709,4,1400,3000.0
70,Alex,7,710,4,1400,3000.0
71,Alex,8,801,1,650,1400.0
72,Alex,8,802,1,650,1400.0
73,Alex,8,803,1,650,1400.0
74,Alex,8,804,1,650,1400.0
75,Alex,8,805,3,1100,2400.0
76,Alex,8,806,3,1100,2400.0
77,Alex,8,807,3,1100,2400.0
78,Alex,8,808,3,1100,2400.0
79,Alex,8,809,4,1400,3000.0
80,Alex,8,810,4,1400,3000.0
81,Alex,9,901,1,650,1400.0
82,Alex,9,902,1,650,1400.0
83,Alex,9,903,1,650,1400.0
84,Alex,9,904,1,650,1400.0
85,Alex,9,905,3,1100,2400.0
86,Alex,9,906,3,1100,2400.0
87,Alex,9,907,3,1100,2400.0
88,Alex,9,908,3,1100,2400.0
89,Alex,9,909,4,1400,3000.0
90,Alex,9,910,4,1400,3000.0
91,Alex,10,1001,1,650,1400.0
92,Alex,10,1002,1,650,1400.0
93,Alex,10,1003,1,650,1400.0
94,Alex,10,1004,1,650,1400.0
95,Alex,10,1005,3,1100,2400.0
96,Alex,10,1006,3,1100,2400.0
97,Alex,10,1007,3,1100,2400.0
98,Alex,10,1008,3,1100,2400.0
99,Alex,10,1009,4,1400,3000.0
100,Alex,10,1010,4,1400,3000.0
101,Blue,1,101,1,650,1400.0
102,Blue,1,102,1,650,1400.0
103,Blue,1,103,1,650,1400.0
104,Blue,1,104,1,650,1400.0
105,Blue,1,105,3,1100,2400.0
106,Blue,1,106,3,1100,2400.0
107,Blue,1,107,3,1100,2400.0
108,Blue,1,108,3,1100,2400.0
109,Blue,1,109,4,1400,3000.0
110,Blue,1,110,4,1400,3000.0
111,Blue,2,201,1,650,1400.0
112,Blue,2,202,1,650,1400.0
113,Blue,2,203,1,650,1400.0
114,Blue,2,204,1,650,1400.0
115,Blue,2,205,3,1100,2400.0
116,Blue,2,206,3,1100,2400.0
117,Blue,2,207,3,1100,2400.0
118,Blue,2,208,3,1100,2400.0
119,Blue,2,209,4,1400,3000.0
120,Blue,2,210,4,1400,3000.0
121,Blue,3,301,1,650,1400.0
122,Blue,3,302,1,650,1400.0
123,Blue,3,303,1,650,1400.0
124,Blue,3,304,1,650,1400.0
125,Blue,3,305,3,1100,2400.0
126,Blue,3,306,3,1100,2400.0
127,Blue,3,307,3,1100,2400.0
128,Blue,3,308,3,1100,2400.0
129,Blue,3,309,4,1400,3000.0
130,Blue,3,310,4,1400,3000.0
131,Blue,4,401,1,650,1400.0
132,Blue,4,402,1,650,1400.0
133,Blue,4,403,1,650,1400.0
134,Blue,4,404,1,650,1400.0
135,Blue,4,405,3,1100,2400.0
136,Blue,4,406,3,1100,2400.0
137,Blue,4,407,3,1100,2400.0
138,Blue,4,408,3,1100,2400.0
139,Blue,4,409,4,1400,3000.0
140,Blue,4,410,4,1400,3000.0
141,Blue,5,501,1,650,1400.0
142,Blue,5,502,1,650,1400.0
143,Blue,5,503,1,650,1400.0
144,Blue,5,504,1,650,1400.0
145,Blue,5,505,3,1100,2400.0
146,Blue,5,506,3,1100,2400.0
147,Blue,5,507,3,1100,2400.0
148,Blue,5,508,3,1100,2400.0
149,Blue,5,509,4,1400,3000.0
150,Blue,5,510,4,1400,3000.0
151,Blue,6,601,1,650,1400.0
152,Blue,6,602,1,650,1400.0
153,Blue,6,603,1,650,1400.0
154,Blue,6,604,1,650,1400.0
155,Blue,6,605,3,1100,2400.0
156,Blue,6,606,3,1100,2400.0
157,Blue,6,607,3,1100,2400.0
158,Blue,6,608,3,1100,2400.0
159,Blue,6,609,4,1400,3000.0
160,Blue,6,610,4,1400,3000.0
161,Blue,7,701,1,650,1400.0
162,Blue,7,702,1,650,1400.0
163,Blue,7,703,1,650,1400.0
164,Blue,7,704,1,650,1400.0
165,Blue,7,705,3,1100,2400.0
166,Blue,7,706,3,1100,2400.0
167,Blue,7,707,3,1100,2400.0
168,Blue,7,708,3,1100,2400.0
169,Blue,7,709,4,1400,3000.0
170,Blue,7,710,4,1400,3000.0
171,Blue,8,801,1,650,1400.0
172,Blue,8,802,1,650,1400.0
173,Blue,8,803,1,650,1400.0
174,Blue,8,804,1,650,1400.0
175,Blue,8,805,3,1100,2400.0
176,Blue,8,806,3,1100,2400.0
177,Blue,8,807,3,1100,2400.0
178,Blue,8,808,3,1100,2400.0
179,Blue,8,809,4,1400,3000.0
180,Blue,8,810,4,1400,3000.0
181,Blue,9,901,1,650,1400.0
182,Blue,9,902,1,650,1400.0
183,Blue,9,903,1,650,1400.0
184,Blue,9,904,1,650,1400.0
185,Blue,9,905,3,1100,2400.0
186,Blue,9,906,3,1100,2400.0
187,Blue,9,907,3,1100,2400.0
188,Blue,9,908,3,1100,2400.0
189,Blue,9,909,4,1400,3000.0
190,Blue,9,910,4,1400,3000.0
191,Blue,10,1001,1,650,1400.0
192,Blue,10,1002,1,650,1400.0
193,Blue,10,1003,1,650,1400.0
194,Blue,10,1004,1,650,1400.0
195,Blue,10,1005,3,1100,2400.0
196,Blue,10,1006,3,1100,2400.0
197,Blue,10,1007,3,1100,2400.0
198,Blue,10,1008,3,1100,2400.0
199,Blue,10,1009,4,1400,3000.0
200,Blue,10,1010,4,1400,3000.0
201,Cedar,1,101,1,650,1400.0
202,Cedar,1,102,1,650,1400.0
203,Cedar,1,103,1,650,1400.0
204,Cedar,1,104,1,650,1400.0
205,Cedar,1,105,3,1100,2400.0
206,Cedar,1,106,3,1100,2400.0
207,Cedar,1,107,3,1100,2400.0
208,Cedar,1,108,3,1100,2400.0
209,Cedar,1,109,4,1400,3000.0
210,Cedar,1,110,4,1400,3000.0
211,Cedar,2,201,1,650,1400.0
212,Cedar,2,202,1,650,1400.0
213,Cedar,2,203,1,650,1400.0
214,Cedar,2,204,1,650,1400.0
215,Cedar,2,205,3,1100,2400.0
216,Cedar,2,206,3,1100,2400.0
217,Cedar,2,207,3,1100,2400.0
218,Cedar,2,208,3,1100,2400.0
219,Cedar,2,209,4,1400,3000.0
220,Cedar,2,210,4,1400,3000.0
221,Cedar,3,301,1,650,1400.0
222,Cedar,3,302,1,650,1400.0
223,Cedar,3,303,1,650,1400.0
224,Cedar,3,304,1,650,1400.0
225,Cedar,3,305,3,1100,2400.0
226,Cedar,3,306,3,1100,2400.0
227,Cedar,3,307,3,1100,2400.0
228,Cedar,3,308,3,1100,2400.0
229,Cedar,3,309,4,1400,3000.0
230,Cedar,3,310,4,1400,3000.0
231,Cedar,4,401,1,650,1400.0
232,Cedar,4,402,1,650,1400.0
233,Cedar,4,403,1,650,1400.0
234,Cedar,4,404,1,650,1400.0
235,Cedar,4,405,3,1100,2400.0
236,Cedar,4,406,3,1100,2400.0
237,Cedar,4,407,3,1100,2400.0
238,Cedar,4,408,3,1100,2400.0
239,Cedar,4,409,4,1400,3000.0
240,Cedar,4,410,4,1400,3000.0
241,Cedar,5,501,1,650,1400.0
242,Cedar,5,502,1,650,1400.0
243,Cedar,5,503,1,650,1400.0
244,Cedar,5,504,1,650,1400.0
245,Cedar,5,505,3,1100,2400.0
246,Cedar,5,506,3,1100,2400.0
247,Cedar,5,507,3,1100,2400.0
248,Cedar,5,508,3,1100,2400.0
249,Cedar,5,509,4,1400,3000.0
250,Cedar,5,510,4,1400,3000.0
251,Cedar,6,601,1,650,1400.0
252,Cedar,6,602,1,650,1400.0
253,Cedar,6,603,1,650,1400.0
254,Cedar,6,604,1,650,1400.0
255,Cedar,6,605,3,1100,2400.0
256,Cedar,6,606,3,1100,2400.0
257,Cedar,6,607,3,1100,2400.0
258,Cedar,6,608,3,1100,2400.0
259,Cedar,6,609,4,1400,3000.0
260,Cedar,6,610,4,1400,3000.0
261,Cedar,7,701,1,650,1400.0
262,Cedar,7,702,1,650,1400.0
263,Cedar,7,703,1,650,1400.0
264,Cedar,7,704,1,650,1400.0
265,Cedar,7,705,3,1100,2400.0
266,Cedar,7,706,3,1100,2400.0
267,Cedar,7,707,3,1100,2400.0
268,Cedar,7,708,3,1100,2400.0
269,Cedar,7,709,4,1400,3000.0
270,Cedar,7,710,4,1400,3000.0
271,Cedar,8,801,1,650,1400.0
272,Cedar,8,802,1,650,1400.0
273,Cedar,8,803,1,650,1400.0
274,Cedar,8,804,1,650,1400.0
275,Cedar,8,805,3,1100,2400.0
276,Cedar,8,806,3,1100,2400.0
277,Cedar,8,807,3,1100,2400.0
278,Cedar,8,808,3,1100,2400.0
279,Cedar,8,809,4,1400,3000.0
280,Cedar,8,810,4,1400,3000.0
281,Cedar,9,901,1,650,1400.0
282,Cedar,9,902,1,650,1400.0
283,Cedar,9,903,1,650,1400.0
284,Cedar,9,904,1,650,1400.0
285,Cedar,9,905,3,1100,2400.0
286,Cedar,9,906,3,1100,2400.0
287,Cedar,9,907,3,1100,2400.0
288,Cedar,9,908,3,1100,2400.0
289,Cedar,9,909,4,1400,3000.0
290,Cedar,9,910,4,1400,3000.0
291,Cedar,10,1001,1,650,1400.0
292,Cedar,10,1002,1,650,1400.0
293,Cedar,10,1003,1,650,1400.0
294,Cedar,10,1004,1,650,1400.0
295,Cedar,10,1005,3,1100,2400.0
296,Cedar,10,1006,3,1100,2400.0
297,Cedar,10,1007,3,1100,2400.0
298,Cedar,10,1008,3,1100,2400.0
299,Cedar,10,1009,4,1400,3000.0
300,Cedar,10,1010,4,1400,3000.0
301,Metro,1,101,1,650,1400.0
302,Metro,1,102,1,650,1400.0
303,Metro,1,103,1,650,1400.0
304,Metro,1,104,1,650,1400.0
305,Metro,1,105,3,1100,2400.0
306,Metro,1,106,3,1100,2400.0
307,Metro,1,107,3,1100,2400.0
308,Metro,1,108,3,1100,2400.0
309,Metro,1,109,4,1400,3000.0
310,Metro,1,110,4,1400,3000.0
311,Metro,2,201,1,650,1400.0
312,Metro,2,202,1,650,1400.0
313,Metro,2,203,1,650,1400.0
314,Metro,2,204,1,650,1400.0
315,Metro,2,205,3,1100,2400.0
316,Metro,2,206,3,1100,2400.0
317,Metro,2,207,3,1100,2400.0
318,Metro,2,208,3,1100,2400.0
319,Metro,2,209,4,1400,3000.0
320,Metro,2,210,4,1400,3000.0
321,Metro,3,301,1,650,1400.0
322,Metro,3,302,1,650,1400.0
323,Metro,3,303,1,650,1400.0
324,Metro,3,304,1,650,1400.0
325,Metro,3,305,3,1100,2400.0
326,Metro,3,306,3,1100,2400.0
327,Metro,3,307,3,1100,2400.0
328,Metro,3,308,3,1100,2400.0
329,Metro,3,309,4,1400,3000.0
330,Metro,3,310,4,1400,3000.0
331,Metro,4,401,1,650,1400.0
332,Metro,4,402,1,650,1400.0
333,Metro,4,403,1,650,1400.0
334,Metro,4,404,1,650,1400.0
335,Metro,4,405,3,1100,2400.0
336,Metro,4,406,3,1100,2400.0
337,Metro,4,407,3,1100,2400.0
338,Metro,4,408,3,1100,2400.0
339,Metro,4,409,4,1400,3000.0
340,Metro,4,410,4,1400,3000.0
341,Metro,5,501,1,650,1400.0
342,Metro,5,502,1,650,1400.0
343,Metro,5,503,1,650,1400.0
344,Metro,5,504,1,650,1400.0
345,Metro,5,505,3,1100,2400.0
346,Metro,5,506,3,1100,2400.0
347,Metro,5,507,3,1100,2400.0
348,Metro,5,508,3,1100,2400.0
349,Metro,5,509,4,1400,3000.0
350,Metro,5,510,4,1400,3000.0
351,Metro,6,601,1,650,1400.0
352,Metro,6,602,1,650,1400.0
353,Metro,6,603,1,650,1400.0
354,Metro,6,604,1,650,1400.0
355,Metro,6,605,3,1100,2400.0
356,Metro,6,606,3,1100,2400.0
357,Metro,6,607,3,1100,2400.0
358,Metro,6,608,3,1100,2400.0
359,Metro,6,609,4,1400,3000.0
360,Metro,6,610,4,1400,3000.0
361,Metro,7,701,1,650,1400.0
362,Metro,7,702,1,650,1400.0
363,Metro,7,703,1,650,1400.0
364,Metro,7,704,1,650,1400.0
365,Metro,7,705,3,1100,2400.0
366,Metro,7,706,3,1100,2400.0
367,Metro,7,707,3,1100,2400.0
368,Metro,7,708,3,1100,2400.0
369,Metro,7,709,4,1400,3000.0
370,Metro,7,710,4,1400,3000.0
371,Metro,8,801,1,650,1400.0
372,Metro,8,802,1,650,1400.0
373,Metro,8,803,1,650,1400.0
374,Metro,8,804,1,650,1400.0
375,Metro,8,805,3,1100,2400.0
376,Metro,8,806,3,1100,2400.0
377,Metro,8,807,3,1100,2400.0
378,Metro,8,808,3,1100,2400.0
379,Metro,8,809,4,1400,3000.0
380,Metro,8,810,4,1400,3000.0
381,Metro,9,901,1,650,1400.0
382,Metro,9,902,1,650,1400.0
383,Metro,9,903,1,650,1400.0
384,Metro,9,904,1,650,1400.0
385,Metro,9,905,3,1100,2400.0
386,Metro,9,906,3,1100,2400.0
387,Metro,9,907,3,1100,2400.0
388,Metro,9,908,3,1100,2400.0
389,Metro,9,909,4,1400,3000.0
390,Metro,9,910,4,1400,3000.0
391,Metro,10,1001,1,650,1400.0
392,Metro,10,1002,1,650,1400.0
393,Metro,10,1003,1,650,1400.0
394,Metro,10,1004,1,650,1400.0
395,Metro,10,1005,3,1100,2400.0
396,Metro,10,1006,3,1100,2400.0
397,Metro,10,1007,3,1100,2400.0
398,Metro,10,1008,3,1100,2400.0
399,Metro,10,1009,4,1400,3000.0
400,Metro,10,1010,4,1400,3000.0
401,Sunset,1,101,1,650,1400.0
402,Sunset,1,102,1,650,1400.0
403,Sunset,1,103,1,650,1400.0
404,Sunset,1,104,1,650,1400.0
405,Sunset,1,105,3,1100,2400.0
406,Sunset,1,106,3,1100,2400.0
407,Sunset,1,107,3,1100,2400.0
408,Sunset,1,108,3,1100,2400.0
409,Sunset,1,109,4,1400,3000.0
410,Sunset,1,110,4,1400,3000.0
411,Sunset,2,201,1,650,1400.0
412,Sunset,2,202,1,650,1400.0
413,Sunset,2,203,1,650,1400.0
414,Sunset,2,204,1,650,1400.0
415,Sunset,2,205,3,1100,2400.0
416,Sunset,2,206,3,1100,2400.0
417,Sunset,2,207,3,1100,2400.0
418,Sunset,2,208,3,1100,2400.0
419,Sunset,2,209,4,1400,3000.0
420,Sunset,2,210,4,1400,3000.0
421,Sunset,3,301,1,650,1400.0
422,Sunset,3,302,1,650,1400.0
423,Sunset,3,303,1,650,1400.0
424,Sunset,3,304,1,650,1400.0
425,Sunset,3,305,3,1100,2400.0
426,Sunset,3,306,3,1100,2400.0
427,Sunset,3,307,3,1100,2400.0
428,Sunset,3,308,3,1100,2400.0
429,Sunset,3,309,4,1400,3000.0
430,Sunset,3,310,4,1400,3000.0
431,Sunset,4,401,1,650,1400.0
432,Sunset,4,402,1,650,1400.0
433,Sunset,4,403,1,650,1400.0
434,Sunset,4,404,1,650,1400.0
435,Sunset,4,405,3,1100,2400.0
436,Sunset,4,406,3,1100,2400.0
437,Sunset,4,407,3,1100,2400.0
438,Sunset,4,408,3,1100,2400.0
439,Sunset,4,409,4,1400,3000.0
440,Sunset,4,410,4,1400,3000.0
441,Sunset,5,501,1,650,1400.0
442,Sunset,5,502,1,650,1400.0
443,Sunset,5,503,1,650,1400.0
444,Sunset,5,504,1,650,1400.0
445,Sunset,5,505,3,1100,2400.0
446,Sunset,5,506,3,1100,2400.0
447,Sunset,5,507,3,1100,2400.0
448,Sunset,5,508,3,1100,2400.0
449,Sunset,5,509,4,1400,3000.0
450,Sunset,5,510,4,1400,3000.0
451,Sunset,6,601,1,650,1400.0
452,Sunset,6,602,1,650,1400.0
453,Sunset,6,603,1,650,1400.0
454,Sunset,6,604,1,650,1400.0
455,Sunset,6,605,3,1100,2400.0
456,Sunset,6,606,3,1100,2400.0
457,Sunset,6,607,3,1100,2400.0
458,Sunset,6,608,3,1100,2400.0
459,Sunset,6,609,4,1400,3000.0
460,Sunset,6,610,4,1400,3000.0
461,Sunset,7,701,1,650,1400.0
462,Sunset,7,702,1,650,1400.0
463,Sunset,7,703,1,650,1400.0
464,Sunset,7,704,1,650,1400.0
465,Sunset,7,705,3,1100,2400.0
466,Sunset,7,706,3,1100,2400.0
467,Sunset,7,707,3,1100,2400.0
468,Sunset,7,708,3,1100,2400.0
469,Sunset,7,709,4,1400,3000.0
470,Sunset,7,710,4,1400,3000.0
471,Sunset,8,801,1,650,1400.0
472,Sunset,8,802,1,650,1400.0
473,Sunset,8,803,1,650,1400.0
474,Sunset,8,804,1,650,1400.0
475,Sunset,8,805,3,1100,2400.0
476,Sunset,8,806,3,1100,2400.0
477,Sunset,8,807,3,1100,2400.0
478,Sunset,8,808,3,1100,2400.0
479,Sunset,8,809,4,1400,3000.0
480,Sunset,8,810,4,1400,3000.0
481,Sunset,9,901,1,650,1400.0
482,Sunset,9,902,1,650,1400.0
483,Sunset,9,903,1,650,1400.0
484,Sunset,9,904,1,650,1400.0
485,Sunset,9,905,3,1100,2400.0
486,Sunset,9,906,3,1100,2400.0
487,Sunset,9,907,3,1100,2400.0
488,Sunset,9,908,3,1100,2400.0
489,Sunset,9,909,4,1400,3000.0
490,Sunset,9,910,4,1400,3000.0
491,Sunset,10,1001,1,650,1400.0
492,Sunset,10,1002,1,650,1400.0
493,Sunset,10,1003,1,650,1400.0
494,Sunset,10,1004,1,650,1400.0
495,Sunset,10,1005,3,1100,2400.0
496,Sunset,10,1006,3,1100,2400.0
497,Sunset,10,1007,3,1100,2400.0
498,Sunset,10,1008,3,1100,2400.0
499,Sunset,10,1009,4,1400,3000.0
500,Sunset,10,1010,4,1400,3000.0
