invoice_id,lease_id,amount,due_date,paid_date,invoice_type
1,1,1400.00,2026-09-01,2026-08-28,Rent
2,1,1400.00,2026-10-01,2026-09-30,Rent
3,2,1400.00,2026-09-01,2026-08-28,Rent
4,2,1400.00,2026-10-01,2026-09-30,Rent
5,3,1400.00,2026-09-01,2026-08-28,Rent
6,3,115.50,2026-09-15,2026-09-12,Utilities
7,3,1400.00,2026-10-01,2026-09-30,Rent
8,4,2400.00,2026-09-01,2026-08-28,Rent
9,4,2400.00,2026-10-01,2026-09-30,Rent
10,5,2400.00,2026-09-01,2026-08-28,Rent
11,5,2400.00,2026-10-01,,Rent
12,5,50.00,2026-10-03,,Penalty
13,6,2400.00,2026-09-01,2026-08-28,Rent
14,6,115.50,2026-09-15,2026-09-12,Utilities
15,6,2400.00,2026-10-01,2026-09-30,Rent
16,7,2400.00,2026-09-01,2026-08-28,Rent
17,7,180.00,2026-09-20,2026-09-18,Maintenance Fee
18,7,2400.00,2026-10-01,2026-09-30,Rent
19,8,3000.00,2026-09-01,2026-08-28,Rent
20,8,3000.00,2026-10-01,2026-09-30,Rent
21,9,3000.00,2026-09-01,2026-08-28,Rent
22,9,115.50,2026-09-15,2026-09-12,Utilities
23,9,3000.00,2026-10-01,2026-09-30,Rent
24,10,1400.00,2026-09-01,2026-08-28,Rent
25,10,1400.00,2026-10-01,,Rent
26,10,50.00,2026-10-03,,Penalty
27,11,1400.00,2026-09-01,2026-08-28,Rent
28,11,1400.00,2026-10-01,2026-09-30,Rent
29,12,1400.00,2026-09-01,2026-08-28,Rent
30,12,115.50,2026-09-15,2026-09-12,Utilities
31,12,1400.00,2026-10-01,2026-09-30,Rent
32,13,1400.00,2026-09-01,2026-08-28,Rent
33,13,1400.00,2026-10-01,2026-09-30,Rent
34,14,2400.00,2026-09-01,2026-08-28,Rent
35,14,180.00,2026-09-20,2026-09-18,Maintenance Fee
36,14,2400.00,2026-10-01,2026-09-30,Rent
37,15,2400.00,2026-09-01,2026-08-28,Rent
38,15,115.50,2026-09-15,2026-09-12,Utilities
39,15,2400.00,2026-10-01,,Rent
40,15,50.00,2026-10-03,,Penalty
41,16,2400.00,2026-09-01,2026-08-28,Rent
42,16,2400.00,2026-10-01,2026-09-30,Rent
43,17,2400.00,2026-09-01,2026-08-28,Rent
44,17,2400.00,2026-10-01,2026-09-30,Rent
45,18,3000.00,2026-09-01,2026-08-28,Rent
46,18,115.50,2026-09-15,2026-09-12,Utilities
47,18,3000.00,2026-10-01,2026-09-30,Rent
48,19,3000.00,2026-09-01,2026-08-28,Rent
49,19,3000.00,2026-10-01,2026-09-30,Rent
50,20,1400.00,2026-09-01,2026-08-28,Rent
51,20,1400.00,2026-10-01,,Rent
52,20,50.00,2026-10-03,,Penalty
53,21,1400.00,2026-09-01,2026-08-28,Rent
54,21,115.50,2026-09-15,2026-09-12,Utilities
55,21,180.00,2026-09-20,2026-09-18,Maintenance Fee
56,21,1400.00,2026-10-01,2026-09-30,Rent
57,22,1400.00,2026-09-01,2026-08-28,Rent
58,22,1400.00,2026-10-01,2026-09-30,Rent
59,23,1400.00,2026-09-01,2026-08-28,Rent
60,23,1400.00,2026-10-01,2026-09-30,Rent
61,24,2400.00,2026-09-01,2026-08-28,Rent
62,24,115.50,2026-09-15,2026-09-12,Utilities
63,24,2400.00,2026-10-01,2026-09-30,Rent
64,25,2400.00,2026-09-01,2026-08-28,Rent
65,25,2400.00,2026-10-01,,Rent
66,25,50.00,2026-10-03,,Penalty
67,26,2400.00,2026-09-01,2026-08-28,Rent
68,26,2400.00,2026-10-01,2026-09-30,Rent
69,27,2400.00,2026-09-01,2026-08-28,Rent
70,27,115.50,2026-09-15,2026-09-12,Utilities
71,27,180.00,2026-09-20,2026-09-18,Maintenance Fee
72,27,2400.00,2026-10-01,2026-09-30,Rent
73,28,3000.00,2026-09-01,2026-08-28,Rent
74,28,3000.00,2026-10-01,2026-09-30,Rent
75,29,3000.00,2026-09-01,2026-08-28,Rent
76,29,3000.00,2026-10-01,2026-09-30,Rent
77,30,1400.00,2026-09-01,2026-08-28,Rent
78,30,115.50,2026-09-15,2026-09-12,Utilities
79,30,1400.00,2026-10-01,,Rent
80,30,50.00,2026-10-03,,Penalty
81,31,1400.00,2026-09-01,2026-08-28,Rent
82,31,1400.00,2026-10-01,2026-09-30,Rent
83,32,1400.00,2026-09-01,2026-08-28,Rent
84,32,1400.00,2026-10-01,2026-09-30,Rent
85,33,1400.00,2026-09-01,2026-08-28,Rent
86,33,115.50,2026-09-15,2026-09-12,Utilities
87,33,1400.00,2026-10-01,2026-09-30,Rent
88,34,2400.00,2026-09-01,2026-08-28,Rent
89,34,2400.00,2026-10-01,2026-09-30,Rent
90,35,2400.00,2026-09-01,2026-08-28,Rent
91,35,180.00,2026-09-20,2026-09-18,Maintenance Fee
92,35,2400.00,2026-10-01,,Rent
93,35,50.00,2026-10-03,,Penalty
94,36,2400.00,2026-09-01,2026-08-28,Rent
95,36,115.50,2026-09-15,2026-09-12,Utilities
96,36,2400.00,2026-10-01,2026-09-30,Rent
97,37,2400.00,2026-09-01,2026-08-28,Rent
98,37,2400.00,2026-10-01,2026-09-30,Rent
99,38,3000.00,2026-09-01,2026-08-28,Rent
100,38,3000.00,2026-10-01,2026-09-30,Rent
101,39,3000.00,2026-09-01,2026-08-28,Rent
102,39,115.50,2026-09-15,2026-09-12,Utilities
103,39,3000.00,2026-10-01,2026-09-30,Rent
104,40,1400.00,2026-09-01,2026-08-28,Rent
105,40,1400.00,2026-10-01,,Rent
106,40,50.00,2026-10-03,,Penalty
107,41,1400.00,2026-09-01,2026-08-28,Rent
108,41,1400.00,2026-10-01,2026-09-30,Rent
109,42,1400.00,2026-09-01,2026-08-28,Rent
110,42,115.50,2026-09-15,2026-09-12,Utilities
111,42,180.00,2026-09-20,2026-09-18,Maintenance Fee
112,42,1400.00,2026-10-01,2026-09-30,Rent
113,43,1400.00,2026-09-01,2026-08-28,Rent
114,43,1400.00,2026-10-01,2026-09-30,Rent
115,44,2400.00,2026-09-01,2026-08-28,Rent
116,44,2400.00,2026-10-01,2026-09-30,Rent
117,45,2400.00,2026-09-01,2026-08-28,Rent
118,45,115.50,2026-09-15,2026-09-12,Utilities
119,45,2400.00,2026-10-01,,Rent
120,45,50.00,2026-10-03,,Penalty
121,46,2400.00,2026-09-01,2026-08-28,Rent
122,46,2400.00,2026-10-01,2026-09-30,Rent
123,47,2400.00,2026-09-01,2026-08-28,Rent
124,47,2400.00,2026-10-01,2026-09-30,Rent
125,48,3000.00,2026-09-01,2026-08-28,Rent
126,48,115.50,2026-09-15,2026-09-12,Utilities
127,48,3000.00,2026-10-01,2026-09-30,Rent
128,49,3000.00,2026-09-01,2026-08-28,Rent
129,49,180.00,2026-09-20,2026-09-18,Maintenance Fee
130,49,3000.00,2026-10-01,2026-09-30,Rent
131,50,1400.00,2026-09-01,2026-08-28,Rent
132,50,1400.00,2026-10-01,,Rent
133,50,50.00,2026-10-03,,Penalty
134,51,1400.00,2026-09-01,2026-08-28,Rent
135,51,115.50,2026-09-15,2026-09-12,Utilities
136,51,1400.00,2026-10-01,2026-09-30,Rent
137,52,1400.00,2026-09-01,2026-08-28,Rent
138,52,1400.00,2026-10-01,2026-09-30,Rent
139,53,1400.00,2026-09-01,2026-08-28,Rent
140,53,1400.00,2026-10-01,2026-09-30,Rent
141,54,2400.00,2026-09-01,2026-08-28,Rent
142,54,115.50,2026-09-15,2026-09-12,Utilities
143,54,2400.00,2026-10-01,2026-09-30,Rent
144,55,2400.00,2026-09-01,2026-08-28,Rent
145,55,2400.00,2026-10-01,,Rent
146,55,50.00,2026-10-03,,Penalty
147,56,2400.00,2026-09-01,2026-08-28,Rent
148,56,115.50,2026-09-15,2026-09-12,Utilities
149,56,180.00,2026-09-20,2026-09-18,Maintenance Fee
150,56,2400.00,2026-10-01,2026-09-30,Rent
151,57,2400.00,2026-09-01,2026-08-28,Rent
152,57,2400.00,2026-10-01,2026-09-30,Rent
153,58,3000.00,2026-09-01,2026-08-28,Rent
154,58,3000.00,2026-10-01,2026-09-30,Rent
155,59,3000.00,2026-09-01,2026-08-28,Rent
156,59,115.50,2026-09-15,2026-09-12,Utilities
157,59,3000.00,2026-10-01,2026-09-30,Rent
158,60,1400.00,2026-09-01,2026-08-28,Rent
159,60,1400.00,2026-10-01,,Rent
160,60,50.00,2026-10-03,,Penalty
161,61,1400.00,2026-09-01,2026-08-28,Rent
162,61,1400.00,2026-10-01,2026-09-30,Rent
163,62,1400.00,2026-09-01,2026-08-28,Rent
164,62,115.50,2026-09-15,2026-09-12,Utilities
165,62,1400.00,2026-10-01,2026-09-30,Rent
166,63,1400.00,2026-09-01,2026-08-28,Rent
167,63,180.00,2026-09-20,2026-09-18,Maintenance Fee
168,63,1400.00,2026-10-01,2026-09-30,Rent
169,64,2400.00,2026-09-01,2026-08-28,Rent
170,64,2400.00,2026-10-01,2026-09-30,Rent
171,65,2400.00,2026-09-01,2026-08-28,Rent
172,65,115.50,2026-09-15,2026-09-12,Utilities
173,65,2400.00,2026-10-01,,Rent
174,65,50.00,2026-10-03,,Penalty
175,66,2400.00,2026-09-01,2026-08-28,Rent
176,66,2400.00,2026-10-01,2026-09-30,Rent
177,67,2400.00,2026-09-01,2026-08-28,Rent
178,67,2400.00,2026-10-01,2026-09-30,Rent
179,68,3000.00,2026-09-01,2026-08-28,Rent
180,68,115.50,2026-09-15,2026-09-12,Utilities
181,68,3000.00,2026-10-01,2026-09-30,Rent
182,69,3000.00,2026-09-01,2026-08-28,Rent
183,69,3000.00,2026-10-01,2026-09-30,Rent
184,70,1400.00,2026-09-01,2026-08-28,Rent
185,70,115.50,2026-09-15,2026-09-12,Utilities
186,70,180.00,2026-09-20,2026-09-18,Maintenance Fee
187,70,1400.00,2026-10-01,,Rent
188,70,50.00,2026-10-03,,Penalty
189,71,1400.00,2026-09-01,2026-08-28,Rent
190,71,1400.00,2026-10-01,2026-09-30,Rent
191,72,1400.00,2026-09-01,2026-08-28,Rent
192,72,115.50,2026-09-15,2026-09-12,Utilities
193,72,1400.00,2026-10-01,2026-09-30,Rent
194,73,1400.00,2026-09-01,2026-08-28,Rent
195,73,1400.00,2026-10-01,2026-09-30,Rent
196,74,2400.00,2026-09-01,2026-08-28,Rent
197,74,2400.00,2026-10-01,2026-09-30,Rent
198,75,2400.00,2026-09-01,2026-08-28,Rent
199,75,115.50,2026-09-15,2026-09-12,Utilities
200,75,2400.00,2026-10-01,,Rent
201,75,50.00,2026-10-03,,Penalty
202,76,2400.00,2026-09-01,2026-08-28,Rent
203,76,2400.00,2026-10-01,2026-09-30,Rent
204,77,2400.00,2026-09-01,2026-08-28,Rent
205,77,180.00,2026-09-20,2026-09-18,Maintenance Fee
206,77,2400.00,2026-10-01,2026-09-30,Rent
207,78,3000.00,2026-09-01,2026-08-28,Rent
208,78,115.50,2026-09-15,2026-09-12,Utilities
209,78,3000.00,2026-10-01,2026-09-30,Rent
210,79,3000.00,2026-09-01,2026-08-28,Rent
211,79,3000.00,2026-10-01,2026-09-30,Rent
212,80,1400.00,2026-09-01,2026-08-28,Rent
213,80,1400.00,2026-10-01,,Rent
214,80,50.00,2026-10-03,,Penalty
215,81,1400.00,2026-09-01,2026-08-28,Rent
216,81,115.50,2026-09-15,2026-09-12,Utilities
217,81,1400.00,2026-10-01,2026-09-30,Rent
218,82,1400.00,2026-09-01,2026-08-28,Rent
219,82,1400.00,2026-10-01,2026-09-30,Rent
220,83,1400.00,2026-09-01,2026-08-28,Rent
221,83,1400.00,2026-10-01,2026-09-30,Rent
222,84,2400.00,2026-09-01,2026-08-28,Rent
223,84,115.50,2026-09-15,2026-09-12,Utilities
224,84,180.00,2026-09-20,2026-09-18,Maintenance Fee
225,84,2400.00,2026-10-01,2026-09-30,Rent
226,85,2400.00,2026-09-01,2026-08-28,Rent
227,85,2400.00,2026-10-01,,Rent
228,85,50.00,2026-10-03,,Penalty
229,86,2400.00,2026-09-01,2026-08-28,Rent
230,86,2400.00,2026-10-01,2026-09-30,Rent
231,87,2400.00,2026-09-01,2026-08-28,Rent
232,87,115.50,2026-09-15,2026-09-12,Utilities
233,87,2400.00,2026-10-01,2026-09-30,Rent
234,88,3000.00,2026-09-01,2026-08-28,Rent
235,88,3000.00,2026-10-01,2026-09-30,Rent