lease_id,apartment_id,tenant_id,start_date,end_date,security_deposit,lease_status
1,1,1,2025-02-27,2026-02-27,1400.0,Active
2,2,2,2025-01-13,2026-01-13,1400.0,Active
3,3,3,2025-05-21,2026-05-21,1400.0,Active
4,5,4,2025-05-06,2026-05-06,2400.0,Active
5,6,5,2025-04-25,2026-04-25,2400.0,Active
6,7,6,2025-03-13,2026-03-13,2400.0,Active
7,8,7,2025-02-22,2026-02-22,2400.0,Active
8,9,8,2025-02-14,2026-02-14,3000.0,Active
9,10,9,2025-08-05,2026-08-05,3000.0,Active
10,11,10,2025-01-17,2026-01-17,1400.0,Active
11,12,11,2025-01-16,2026-01-16,1400.0,Active
12,13,12,2025-02-17,2026-02-17,1400.0,Active
13,14,13,2025-04-22,2026-04-22,1400.0,Active
14,15,14,2025-04-30,2026-04-30,2400.0,Active
15,16,15,2025-09-16,2026-09-16,2400.0,Active
16,17,16,2025-01-14,2026-01-14,2400.0,Active
17,18,17,2025-04-12,2026-04-12,2400.0,Active
18,19,18,2025-08-03,2026-08-03,3000.0,Active
19,20,19,2025-04-23,2026-04-23,3000.0,Active
20,21,20,2025-08-18,2026-08-18,1400.0,Active
21,22,21,2025-05-23,2026-05-23,1400.0,Active
22,23,22,2025-01-04,2026-01-04,1400.0,Active
23,24,23,2025-03-23,2026-03-23,1400.0,Active
24,25,24,2025-08-05,2026-08-05,2400.0,Active
25,26,25,2025-06-24,2026-06-24,2400.0,Active
26,27,26,2025-05-23,2026-05-23,2400.0,Active
27,28,27,2025-03-21,2026-03-21,2400.0,Active
28,29,28,2025-04-21,2026-04-21,3000.0,Active
29,30,29,2025-06-22,2026-06-22,3000.0,Active
30,31,30,2025-02-22,2026-02-22,1400.0,Active
31,32,31,2025-02-17,2026-02-17,1400.0,Active
32,33,32,2025-07-14,2026-07-14,1400.0,Active
33,34,33,2025-02-19,2026-02-19,1400.0,Active
34,35,34,2025-07-03,2026-07-03,2400.0,Active
35,36,35,2025-06-26,2026-06-26,2400.0,Active
36,37,36,2025-05-16,2026-05-16,2400.0,Active
37,38,37,2025-01-23,2026-01-23,2400.0,Active
38,39,38,2025-08-24,2026-08-24,3000.0,Active
39,40,39,2025-03-05,2026-03-05,3000.0,Active
40,41,40,2025-07-13,2026-07-13,1400.0,Active
41,42,41,2025-02-10,2026-02-10,1400.0,Active
42,43,42,2025-05-31,2026-05-31,1400.0,Active
43,44,43,2025-07-05,2026-07-05,1400.0,Active
44,45,44,2025-04-09,2026-04-09,2400.0,Active
45,46,45,2025-02-05,2026-02-05,2400.0,Active
46,47,46,2025-01-24,2026-01-24,2400.0,Active
47,48,47,2025-04-27,2026-04-27,2400.0,Active
48,49,48,2025-05-29,2026-05-29,3000.0,Active
49,50,49,2025-02-10,2026-02-10,3000.0,Active
50,51,50,2025-04-30,2026-04-30,1400.0,Active
51,52,51,2025-02-21,2026-02-21,1400.0,Active
52,53,52,2025-07-14,2026-07-14,1400.0,Active
53,54,53,2025-05-23,2026-05-23,1400.0,Active
54,55,54,2025-08-21,2026-08-21,2400.0,Active
55,56,55,2025-07-06,2026-07-06,2400.0,Active
56,57,56,2025-03-25,2026-03-25,2400.0,Active
57,58,57,2025-07-09,2026-07-09,2400.0,Active
58,59,58,2025-07-01,2026-07-01,3000.0,Active
59,60,59,2025-04-18,2026-04-18,3000.0,Active
60,61,60,2025-05-17,2026-05-17,1400.0,Active
61,62,61,2025-02-06,2026-02-06,1400.0,Active
62,63,62,2025-03-29,2026-03-29,1400.0,Active
63,64,63,2025-05-06,2026-05-06,1400.0,Active
64,65,64,2025-03-25,2026-03-25,2400.0,Active
65,66,65,2025-08-25,2026-08-25,2400.0,Active
66,67,66,2025-07-14,2026-07-14,2400.0,Active
67,68,67,2025-05-19,2026-05-19,2400.0,Active
68,69,68,2025-04-23,2026-04-23,3000.0,Active
69,70,69,2025-06-16,2026-06-16,3000.0,Active
70,71,70,2025-01-29,2026-01-29,1400.0,Active
71,72,71,2025-04-28,2026-04-28,1400.0,Active
72,73,72,2025-01-17,2026-01-17,1400.0,Active
73,74,73,2025-06-11,2026-06-11,1400.0,Active
74,75,74,2025-07-25,2026-07-25,2400.0,Active
75,76,75,2025-05-18,2026-05-18,2400.0,Active
76,77,76,2025-02-03,2026-02-03,2400.0,Active
77,78,77,2025-04-19,2026-04-19,2400.0,Active
78,79,78,2025-06-11,2026-06-11,3000.0,Active
79,80,79,2025-04-19,2026-04-19,3000.0,Active
80,81,80,2025-09-13,2026-09-13,1400.0,Active
81,82,81,2025-07-22,2026-07-22,1400.0,Active
82,83,82,2025-08-23,2026-08-23,1400.0,Active
83,84,83,2025-03-15,2026-03-15,1400.0,Active
84,85,84,2025-05-16,2026-05-16,2400.0,Active
85,86,85,2025-03-13,2026-03-13,2400.0,Active
86,87,86,2025-05-07,2026-05-07,2400.0,Active
87,88,87,2025-05-15,2026-05-15,2400.0,Active
88,89,88,2025-08-08,2026-08-08,3000.0,Active
89,90,89,2025-07-24,2026-07-24,3000.0,Active
90,91,90,2025-07-05,2026-07-05,1400.0,Active
91,92,91,2025-04-23,2026-04-23,1400.0,Active
92,93,92,2025-03-12,2026-03-12,1400.0,Active
93,94,93,2025-09-18,2026-09-18,1400.0,Active
94,96,94,2025-09-10,2026-09-10,2400.0,Active
95,97,95,2025-02-16,2026-02-16,2400.0,Active
96,98,96,2025-01-25,2026-01-25,2400.0,Active
97,99,97,2025-02-26,2026-02-26,3000.0,Active
98,100,98,2025-03-20,2026-03-20,3000.0,Active
99,101,99,2025-03-23,2026-03-23,1400.0,Active
100,102,100,2025-08-05,2026-08-05,1400.0,Active
101,103,101,2025-02-02,2026-02-02,1400.0,Active
102,104,102,2025-07-17,2026-07-17,1400.0,Active
103,105,103,2025-07-15,2026-07-15,2400.0,Active
104,106,104,2025-08-28,2026-08-28,2400.0,Active
105,107,105,2025-09-28,2026-09-28,2400.0,Active
106,108,106,2025-05-09,2026-05-09,2400.0,Active
107,109,107,2025-01-06,2026-01-06,3000.0,Active
108,110,108,2025-02-28,2026-02-28,3000.0,Active
109,111,109,2025-05-17,2026-05-17,1400.0,Active
110,112,110,2025-06-24,2026-06-24,1400.0,Active
111,113,111,2025-02-27,2026-02-27,1400.0,Active
112,114,112,2025-05-31,2026-05-31,1400.0,Active
113,115,113,2025-08-11,2026-08-11,2400.0,Active
114,116,114,2025-03-22,2026-03-22,2400.0,Active
115,117,115,2025-08-21,2026-08-21,2400.0,Active
116,119,116,2025-01-02,2026-01-02,3000.0,Active
117,120,117,2025-05-15,2026-05-15,3000.0,Active
118,121,118,2025-09-14,2026-09-14,1400.0,Active
119,122,119,2025-04-02,2026-04-02,1400.0,Active
120,123,120,2025-09-17,2026-09-17,1400.0,Active
121,124,121,2025-02-24,2026-02-24,1400.0,Active
122,125,122,2025-06-02,2026-06-02,2400.0,Active
123,126,123,2025-09-17,2026-09-17,2400.0,Active
124,127,124,2025-04-12,2026-04-12,2400.0,Active
125,128,125,2025-03-20,2026-03-20,2400.0,Active
126,130,126,2025-07-11,2026-07-11,3000.0,Active
127,131,127,2025-03-24,2026-03-24,1400.0,Active
128,133,128,2025-01-01,2026-01-01,1400.0,Active
129,134,129,2025-06-15,2026-06-15,1400.0,Active
130,135,130,2025-09-08,2026-09-08,2400.0,Active
131,136,131,2025-01-10,2026-01-10,2400.0,Active
132,137,132,2025-02-27,2026-02-27,2400.0,Active
133,138,133,2025-07-05,2026-07-05,2400.0,Active
134,139,134,2025-06-07,2026-06-07,3000.0,Active
135,140,135,2025-05-03,2026-05-03,3000.0,Active
136,141,136,2025-01-30,2026-01-30,1400.0,Active
137,142,137,2025-05-04,2026-05-04,1400.0,Active
138,143,138,2025-02-10,2026-02-10,1400.0,Active
139,144,139,2025-02-13,2026-02-13,1400.0,Active
140,145,140,2025-09-06,2026-09-06,2400.0,Active
141,146,141,2025-02-05,2026-02-05,2400.0,Active
142,147,142,2025-03-06,2026-03-06,2400.0,Active
143,148,143,2025-03-07,2026-03-07,2400.0,Active
144,149,144,2025-09-01,2026-09-01,3000.0,Active
145,150,145,2025-03-26,2026-03-26,3000.0,Active
146,151,146,2025-05-16,2026-05-16,1400.0,Active
147,152,147,2025-09-28,2026-09-28,1400.0,Active
148,153,148,2025-08-05,2026-08-05,1400.0,Active
149,154,149,2025-04-19,2026-04-19,1400.0,Active
150,155,150,2025-04-13,2026-04-13,2400.0,Active
151,156,151,2025-06-09,2026-06-09,2400.0,Active
152,157,152,2025-07-24,2026-07-24,2400.0,Active
153,158,153,2025-07-11,2026-07-11,2400.0,Active
154,159,154,2025-08-13,2026-08-13,3000.0,Active
155,160,155,2025-09-22,2026-09-22,3000.0,Active
156,161,156,2025-08-20,2026-08-20,1400.0,Active
157,162,157,2025-03-03,2026-03-03,1400.0,Active
158,163,158,2025-05-07,2026-05-07,1400.0,Active
159,164,159,2025-04-26,2026-04-26,1400.0,Active
160,165,160,2025-02-02,2026-02-02,2400.0,Active
161,166,161,2025-06-23,2026-06-23,2400.0,Active
162,167,162,2025-01-11,2026-01-11,2400.0,Active
163,168,163,2025-04-28,2026-04-28,2400.0,Active
164,169,164,2025-04-23,2026-04-23,3000.0,Active
165,170,165,2025-01-04,2026-01-04,3000.0,Active
166,171,166,2025-02-06,2026-02-06,1400.0,Active
167,172,167,2025-01-31,2026-01-31,1400.0,Active
168,173,168,2025-04-28,2026-04-28,1400.0,Active
169,174,169,2025-02-04,2026-02-04,1400.0,Active
170,175,170,2025-01-17,2026-01-17,2400.0,Active
171,176,171,2025-06-19,2026-06-19,2400.0,Active
172,177,172,2025-02-06,2026-02-06,2400.0,Active
173,178,173,2025-09-21,2026-09-21,2400.0,Active
174,179,174,2025-05-02,2026-05-02,3000.0,Active
175,180,175,2025-05-23,2026-05-23,3000.0,Active
176,181,176,2025-09-06,2026-09-06,1400.0,Active
177,182,177,2025-04-20,2026-04-20,1400.0,Active
178,183,178,2025-03-09,2026-03-09,1400.0,Active
179,184,179,2025-08-31,2026-08-31,1400.0,Active
180,185,180,2025-05-05,2026-05-05,2400.0,Active
181,186,181,2025-08-31,2026-08-31,2400.0,Active
182,187,182,2025-07-28,2026-07-28,2400.0,Active
183,188,183,2025-04-08,2026-04-08,2400.0,Active
184,189,184,2025-02-18,2026-02-18,3000.0,Active
185,190,185,2025-02-19,2026-02-19,3000.0,Active
186,191,186,2025-08-09,2026-08-09,1400.0,Active
187,192,187,2025-07-01,2026-07-01,1400.0,Active
188,193,188,2025-08-05,2026-08-05,1400.0,Active
189,194,189,2025-07-30,2026-07-30,1400.0,Active
190,195,190,2025-08-28,2026-08-28,2400.0,Active
191,196,191,2025-01-28,2026-01-28,2400.0,Active
192,197,192,2025-02-20,2026-02-20,2400.0,Active
193,198,193,2025-02-01,2026-02-01,2400.0,Active
194,199,194,2025-07-26,2026-07-26,3000.0,Active
195,200,195,2025-06-23,2026-06-23,3000.0,Active
196,201,196,2025-02-25,2026-02-25,1400.0,Active
197,202,197,2025-05-08,2026-05-08,1400.0,Active
198,203,198,2025-04-09,2026-04-09,1400.0,Active
199,204,199,2025-04-08,2026-04-08,1400.0,Active
200,205,200,2025-08-18,2026-08-18,2400.0,Active
201,206,201,2025-03-13,2026-03-13,2400.0,Active
202,207,202,2025-08-05,2026-08-05,2400.0,Active
203,208,203,2025-04-04,2026-04-04,2400.0,Active
204,209,204,2025-05-23,2026-05-23,3000.0,Active
205,210,205,2025-08-25,2026-08-25,3000.0,Active
206,211,206,2025-05-08,2026-05-08,1400.0,Active
207,212,207,2025-02-08,2026-02-08,1400.0,Active
208,213,208,2025-08-15,2026-08-15,1400.0,Active
209,214,209,2025-02-20,2026-02-20,1400.0,Active
210,215,210,2025-01-26,2026-01-26,2400.0,Active
211,216,211,2025-01-08,2026-01-08,2400.0,Active
212,217,212,2025-02-17,2026-02-17,2400.0,Active
213,218,213,2025-05-02,2026-05-02,2400.0,Active
214,219,214,2025-03-27,2026-03-27,3000.0,Active
215,220,215,2025-07-28,2026-07-28,3000.0,Active
216,221,216,2025-09-06,2026-09-06,1400.0,Active
217,222,217,2025-09-04,2026-09-04,1400.0,Active
218,223,218,2025-04-20,2026-04-20,1400.0,Active
219,224,219,2025-07-25,2026-07-25,1400.0,Active
220,225,220,2025-01-31,2026-01-31,2400.0,Active
221,226,221,2025-03-26,2026-03-26,2400.0,Active
222,227,222,2025-07-14,2026-07-14,2400.0,Active
223,228,223,2025-01-02,2026-01-02,2400.0,Active
224,229,224,2025-07-19,2026-07-19,3000.0,Active
225,230,225,2025-05-16,2026-05-16,3000.0,Active
226,231,226,2025-08-21,2026-08-21,1400.0,Active
227,232,227,2025-05-27,2026-05-27,1400.0,Active
228,233,228,2025-08-05,2026-08-05,1400.0,Active
229,234,229,2025-09-07,2026-09-07,1400.0,Active
230,235,230,2025-03-21,2026-03-21,2400.0,Active
231,236,231,2025-04-08,2026-04-08,2400.0,Active
232,237,232,2025-06-01,2026-06-01,2400.0,Active
233,238,233,2025-04-22,2026-04-22,2400.0,Active
234,239,234,2025-01-30,2026-01-30,3000.0,Active
235,240,235,2025-02-01,2026-02-01,3000.0,Active
236,241,236,2025-06-10,2026-06-10,1400.0,Active
237,242,237,2025-01-30,2026-01-30,1400.0,Active
238,243,238,2025-01-26,2026-01-26,1400.0,Active
239,244,239,2025-09-02,2026-09-02,1400.0,Active
240,245,240,2025-09-15,2026-09-15,2400.0,Active
241,246,241,2025-03-22,2026-03-22,2400.0,Active
242,247,242,2025-01-30,2026-01-30,2400.0,Active
243,248,243,2025-09-18,2026-09-18,2400.0,Active
244,249,244,2025-02-11,2026-02-11,3000.0,Active
245,250,245,2025-04-06,2026-04-06,3000.0,Active
246,251,246,2025-02-05,2026-02-05,1400.0,Active
247,252,247,2025-02-04,2026-02-04,1400.0,Active
248,253,248,2025-05-01,2026-05-01,1400.0,Active
249,254,249,2025-07-26,2026-07-26,1400.0,Active
250,255,250,2025-03-03,2026-03-03,2400.0,Active
251,256,251,2025-05-07,2026-05-07,2400.0,Active
252,257,252,2025-01-21,2026-01-21,2400.0,Active
253,258,253,2025-02-11,2026-02-11,2400.0,Active
254,259,254,2025-08-03,2026-08-03,3000.0,Active
255,260,255,2025-09-25,2026-09-25,3000.0,Active
256,261,256,2025-06-11,2026-06-11,1400.0,Active
257,262,257,2025-05-14,2026-05-14,1400.0,Active
258,263,258,2025-04-15,2026-04-15,1400.0,Active
259,264,259,2025-06-10,2026-06-10,1400.0,Active
260,265,260,2025-05-03,2026-05-03,2400.0,Active
261,266,261,2025-05-16,2026-05-16,2400.0,Active
262,267,262,2025-07-22,2026-07-22,2400.0,Active
263,268,263,2025-03-09,2026-03-09,2400.0,Active
264,269,264,2025-06-03,2026-06-03,3000.0,Active
265,270,265,2025-08-23,2026-08-23,3000.0,Active
266,271,266,2025-06-11,2026-06-11,1400.0,Active
267,272,267,2025-02-07,2026-02-07,1400.0,Active
268,273,268,2025-01-05,2026-01-05,1400.0,Active
269,274,269,2025-08-23,2026-08-23,1400.0,Active
270,275,270,2025-02-21,2026-02-21,2400.0,Active
271,276,271,2025-02-07,2026-02-07,2400.0,Active
272,277,272,2025-04-20,2026-04-20,2400.0,Active
273,278,273,2025-09-17,2026-09-17,2400.0,Active
274,279,274,2025-05-16,2026-05-16,3000.0,Active
275,280,275,2025-03-09,2026-03-09,3000.0,Active
276,281,276,2025-06-28,2026-06-28,1400.0,Active
277,282,277,2025-02-05,2026-02-05,1400.0,Active
278,283,278,2025-05-06,2026-05-06,1400.0,Active
279,284,279,2025-07-09,2026-07-09,1400.0,Active
280,285,280,2025-05-26,2026-05-26,2400.0,Active
281,286,281,2025-03-22,2026-03-22,2400.0,Active
282,288,282,2025-08-13,2026-08-13,2400.0,Active
283,289,283,2025-06-04,2026-06-04,3000.0,Active
284,290,284,2025-09-28,2026-09-28,3000.0,Active
285,291,285,2025-01-05,2026-01-05,1400.0,Active
286,292,286,2025-06-03,2026-06-03,1400.0,Active
287,293,287,2025-02-23,2026-02-23,1400.0,Active
288,294,288,2025-03-10,2026-03-10,1400.0,Active
289,296,289,2025-05-16,2026-05-16,2400.0,Active
290,297,290,2025-03-01,2026-03-01,2400.0,Active
291,298,291,2025-02-24,2026-02-24,2400.0,Active
292,299,292,2025-03-21,2026-03-21,3000.0,Active
293,300,293,2025-05-20,2026-05-20,3000.0,Active
294,301,294,2025-05-25,2026-05-25,1400.0,Active
295,302,295,2025-04-18,2026-04-18,1400.0,Active
296,303,296,2025-06-25,2026-06-25,1400.0,Active
297,304,297,2025-04-15,2026-04-15,1400.0,Active
298,305,298,2025-05-16,2026-05-16,2400.0,Active
299,306,299,2025-09-16,2026-09-16,2400.0,Active
300,307,300,2025-09-08,2026-09-08,2400.0,Active
301,308,301,2025-05-09,2026-05-09,2400.0,Active
302,309,302,2025-01-27,2026-01-27,3000.0,Active
303,310,303,2025-02-17,2026-02-17,3000.0,Active
304,311,304,2025-08-05,2026-08-05,1400.0,Active
305,312,305,2025-05-22,2026-05-22,1400.0,Active
306,313,306,2025-01-23,2026-01-23,1400.0,Active
307,314,307,2025-01-02,2026-01-02,1400.0,Active
308,315,308,2025-06-20,2026-06-20,2400.0,Active
309,316,309,2025-03-08,2026-03-08,2400.0,Active
310,317,310,2025-05-15,2026-05-15,2400.0,Active
311,318,311,2025-03-24,2026-03-24,2400.0,Active
312,319,312,2025-08-15,2026-08-15,3000.0,Active
313,320,313,2025-08-07,2026-08-07,3000.0,Active
314,321,314,2025-01-05,2026-01-05,1400.0,Active
315,322,315,2025-02-27,2026-02-27,1400.0,Active
316,323,316,2025-02-08,2026-02-08,1400.0,Active
317,324,317,2025-03-18,2026-03-18,1400.0,Active
318,325,318,2025-01-19,2026-01-19,2400.0,Active
319,326,319,2025-07-09,2026-07-09,2400.0,Active
320,327,320,2025-03-17,2026-03-17,2400.0,Active
321,328,321,2025-08-09,2026-08-09,2400.0,Active
322,329,322,2025-03-07,2026-03-07,3000.0,Active
323,330,323,2025-01-22,2026-01-22,3000.0,Active
324,331,324,2025-06-07,2026-06-07,1400.0,Active
325,332,325,2025-07-06,2026-07-06,1400.0,Active
326,333,326,2025-01-21,2026-01-21,1400.0,Active
327,334,327,2025-07-03,2026-07-03,1400.0,Active
328,335,328,2025-04-18,2026-04-18,2400.0,Active
329,336,329,2025-05-08,2026-05-08,2400.0,Active
330,337,330,2025-02-22,2026-02-22,2400.0,Active
331,338,331,2025-07-01,2026-07-01,2400.0,Active
332,339,332,2025-07-28,2026-07-28,3000.0,Active
333,340,333,2025-03-21,2026-03-21,3000.0,Active
334,341,334,2025-05-02,2026-05-02,1400.0,Active
335,342,335,2025-03-25,2026-03-25,1400.0,Active
336,343,336,2025-04-01,2026-04-01,1400.0,Active
337,344,337,2025-07-31,2026-07-31,1400.0,Active
338,345,338,2025-01-13,2026-01-13,2400.0,Active
339,346,339,2025-04-02,2026-04-02,2400.0,Active
340,347,340,2025-06-20,2026-06-20,2400.0,Active
341,348,341,2025-07-30,2026-07-30,2400.0,Active
342,349,342,2025-05-08,2026-05-08,3000.0,Active
343,350,343,2025-05-17,2026-05-17,3000.0,Active
344,351,344,2025-03-23,2026-03-23,1400.0,Active
345,352,345,2025-02-25,2026-02-25,1400.0,Active
346,353,346,2025-07-15,2026-07-15,1400.0,Active
347,354,347,2025-01-20,2026-01-20,1400.0,Active
348,356,348,2025-08-29,2026-08-29,2400.0,Active
349,357,349,2025-04-24,2026-04-24,2400.0,Active
350,358,350,2025-04-13,2026-04-13,2400.0,Active
351,359,351,2025-08-24,2026-08-24,3000.0,Active
352,360,352,2025-06-29,2026-06-29,3000.0,Active
353,361,353,2025-06-06,2026-06-06,1400.0,Active
354,362,354,2025-04-27,2026-04-27,1400.0,Active
355,363,355,2025-04-25,2026-04-25,1400.0,Active
356,364,356,2025-01-13,2026-01-13,1400.0,Active
357,365,357,2025-04-09,2026-04-09,2400.0,Active
358,366,358,2025-07-24,2026-07-24,2400.0,Active
359,367,359,2025-06-18,2026-06-18,2400.0,Active
360,368,360,2025-05-23,2026-05-23,2400.0,Active
361,369,361,2025-02-05,2026-02-05,3000.0,Active
362,370,362,2025-05-23,2026-05-23,3000.0,Active
363,371,363,2025-06-29,2026-06-29,1400.0,Active
364,372,364,2025-09-18,2026-09-18,1400.0,Active
365,373,365,2025-07-24,2026-07-24,1400.0,Active
366,374,366,2025-06-19,2026-06-19,1400.0,Active
367,375,367,2025-01-15,2026-01-15,2400.0,Active
368,377,368,2025-03-01,2026-03-01,2400.0,Active
369,378,369,2025-05-14,2026-05-14,2400.0,Active
370,379,370,2025-04-02,2026-04-02,3000.0,Active
371,380,371,2025-05-16,2026-05-16,3000.0,Active
372,381,372,2025-01-20,2026-01-20,1400.0,Active
373,382,373,2025-02-25,2026-02-25,1400.0,Active
374,383,374,2025-08-11,2026-08-11,1400.0,Active
375,384,375,2025-06-26,2026-06-26,1400.0,Active
376,385,376,2025-06-10,2026-06-10,2400.0,Active
377,386,377,2025-08-12,2026-08-12,2400.0,Active
378,387,378,2025-09-19,2026-09-19,2400.0,Active
379,388,379,2025-03-01,2026-03-01,2400.0,Active
380,389,380,2025-07-17,2026-07-17,3000.0,Active
381,390,381,2025-04-08,2026-04-08,3000.0,Active
382,391,382,2025-05-11,2026-05-11,1400.0,Active
383,392,383,2025-01-23,2026-01-23,1400.0,Active
384,393,384,2025-08-12,2026-08-12,1400.0,Active
385,394,385,2025-01-01,2026-01-01,1400.0,Active
386,395,386,2025-09-24,2026-09-24,2400.0,Active
387,396,387,2025-04-11,2026-04-11,2400.0,Active
388,397,388,2025-07-06,2026-07-06,2400.0,Active
389,398,389,2025-08-09,2026-08-09,2400.0,Active
390,399,390,2025-02-05,2026-02-05,3000.0,Active
391,400,391,2025-06-19,2026-06-19,3000.0,Active
392,401,392,2025-06-10,2026-06-10,1400.0,Active
393,402,393,2025-03-05,2026-03-05,1400.0,Active
394,403,394,2025-06-03,2026-06-03,1400.0,Active
395,405,395,2025-09-17,2026-09-17,2400.0,Active
396,406,396,2025-06-08,2026-06-08,2400.0,Active
397,407,397,2025-07-29,2026-07-29,2400.0,Active
398,408,398,2025-06-17,2026-06-17,2400.0,Active
399,409,399,2025-07-26,2026-07-26,3000.0,Active
400,410,400,2025-06-01,2026-06-01,3000.0,Active
401,411,401,2025-03-07,2026-03-07,1400.0,Active
402,413,402,2025-04-09,2026-04-09,1400.0,Active
403,414,403,2025-08-04,2026-08-04,1400.0,Active
404,415,404,2025-07-14,2026-07-14,2400.0,Active
405,416,405,2025-03-31,2026-03-31,2400.0,Active
406,417,406,2025-06-04,2026-06-04,2400.0,Active
407,418,407,2025-07-27,2026-07-27,2400.0,Active
408,419,408,2025-01-01,2026-01-01,3000.0,Active
409,420,409,2025-06-05,2026-06-05,3000.0,Active
410,421,410,2025-05-27,2026-05-27,1400.0,Active
411,422,411,2025-04-18,2026-04-18,1400.0,Active
412,423,412,2025-08-09,2026-08-09,1400.0,Active
413,424,413,2025-06-14,2026-06-14,1400.0,Active
414,425,414,2025-08-27,2026-08-27,2400.0,Active
415,426,415,2025-08-15,2026-08-15,2400.0,Active
416,427,416,2025-08-15,2026-08-15,2400.0,Active
417,428,417,2025-04-20,2026-04-20,2400.0,Active
418,429,418,2025-09-19,2026-09-19,3000.0,Active
419,430,419,2025-08-31,2026-08-31,3000.0,Active
420,431,420,2025-03-28,2026-03-28,1400.0,Active
421,432,421,2025-02-13,2026-02-13,1400.0,Active
422,433,422,2025-05-26,2026-05-26,1400.0,Active
423,434,423,2025-09-21,2026-09-21,1400.0,Active
424,435,424,2025-06-21,2026-06-21,2400.0,Active
425,436,425,2025-02-17,2026-02-17,2400.0,Active
426,437,426,2025-05-01,2026-05-01,2400.0,Active
427,438,427,2025-06-08,2026-06-08,2400.0,Active
428,439,428,2025-04-26,2026-04-26,3000.0,Active
429,440,429,2025-04-12,2026-04-12,3000.0,Active
430,441,430,2025-03-17,2026-03-17,1400.0,Active
431,442,431,2025-01-13,2026-01-13,1400.0,Active
432,443,432,2025-01-24,2026-01-24,1400.0,Active
433,444,433,2025-05-06,2026-05-06,1400.0,Active
434,445,434,2025-09-01,2026-09-01,2400.0,Active
435,446,435,2025-02-07,2026-02-07,2400.0,Active
436,447,436,2025-08-22,2026-08-22,2400.0,Active
437,448,437,2025-08-01,2026-08-01,2400.0,Active
438,449,438,2025-04-10,2026-04-10,3000.0,Active
439,450,439,2025-07-16,2026-07-16,3000.0,Active
440,451,440,2025-09-11,2026-09-11,1400.0,Active
441,452,441,2025-07-24,2026-07-24,1400.0,Active
442,453,442,2025-05-05,2026-05-05,1400.0,Active
443,454,443,2025-03-17,2026-03-17,1400.0,Active
444,455,444,2025-01-03,2026-01-03,2400.0,Active
445,456,445,2025-02-24,2026-02-24,2400.0,Active
446,457,446,2025-08-06,2026-08-06,2400.0,Active
447,458,447,2025-04-23,2026-04-23,2400.0,Active
448,459,448,2025-04-01,2026-04-01,3000.0,Active
449,460,449,2025-09-23,2026-09-23,3000.0,Active
450,461,450,2025-08-26,2026-08-26,1400.0,Active
451,462,451,2025-01-26,2026-01-26,1400.0,Active
452,463,452,2025-05-08,2026-05-08,1400.0,Active
453,464,453,2025-03-04,2026-03-04,1400.0,Active
454,465,454,2025-08-22,2026-08-22,2400.0,Active
455,466,455,2025-03-10,2026-03-10,2400.0,Active
456,467,456,2025-08-26,2026-08-26,2400.0,Active
457,468,457,2025-06-12,2026-06-12,2400.0,Active
458,469,458,2025-08-15,2026-08-15,3000.0,Active
459,470,459,2025-09-16,2026-09-16,3000.0,Active
460,471,460,2025-08-07,2026-08-07,1400.0,Active
461,472,461,2025-08-17,2026-08-17,1400.0,Active
462,473,462,2025-03-23,2026-03-23,1400.0,Active
463,474,463,2025-09-01,2026-09-01,1400.0,Active
464,475,464,2025-08-19,2026-08-19,2400.0,Active
465,476,465,2025-05-13,2026-05-13,2400.0,Active
466,477,466,2025-05-07,2026-05-07,2400.0,Active
467,478,467,2025-05-22,2026-05-22,2400.0,Active
468,479,468,2025-09-24,2026-09-24,3000.0,Active
469,480,469,2025-09-06,2026-09-06,3000.0,Active
470,481,470,2025-05-03,2026-05-03,1400.0,Active
471,482,471,2025-05-21,2026-05-21,1400.0,Active
472,483,472,2025-08-14,2026-08-14,1400.0,Active
473,484,473,2025-02-09,2026-02-09,1400.0,Active
474,485,474,2025-05-27,2026-05-27,2400.0,Active
475,486,475,2025-05-01,2026-05-01,2400.0,Active
476,487,476,2025-05-20,2026-05-20,2400.0,Active
477,488,477,2025-06-21,2026-06-21,2400.0,Active
478,489,478,2025-06-13,2026-06-13,3000.0,Active
479,490,479,2025-02-11,2026-02-11,3000.0,Active
480,491,480,2025-03-12,2026-03-12,1400.0,Active
481,492,481,2025-03-19,2026-03-19,1400.0,Active
482,493,482,2025-04-29,2026-04-29,1400.0,Active
483,494,483,2025-07-16,2026-07-16,1400.0,Active
484,495,484,2025-03-20,2026-03-20,2400.0,Active
485,496,485,2025-04-20,2026-04-20,2400.0,Active
486,497,486,2025-02-02,2026-02-02,2400.0,Active
487,498,487,2025-08-01,2026-08-01,2400.0,Active
488,499,488,2025-07-28,2026-07-28,3000.0,Active
489,500,489,2025-06-19,2026-06-19,3000.0,Active
