tenant_id,first_name,last_name,email,phone_number,emergency_contact_name,emergency_contact_phone,is_active,assigned_apartment_id
1,Margaret,Robinson,margaret.robinson1@example.com,555-617-1434,Brenda Sanchez,555-833-9928,1,1
2,Sharon,Lewis,sharon.lewis2@example.com,555-559-5557,James Lee,555-814-7924,1,2
3,Amanda,Scott,amanda.scott3@example.com,555-259-4527,Maria Baker,555-204-2519,1,3
4,Edward,Gonzalez,edward.gonzalez4@example.com,555-467-6635,Emma King,555-926-1711,1,5
5,Janet,Collins,janet.collins5@example.com,555-649-3045,Edward Hernandez,555-665-5803,1,6
6,Brandon,Richardson,brandon.richardson6@example.com,555-982-6925,Pamela Harris,555-821-2139,1,7
7,Jennifer,James,jennifer.james7@example.com,555-333-5741,David Robinson,555-987-2654,1,8
8,Edward,Scott,edward.scott8@example.com,555-564-6977,Christopher Mitchell,555-463-4432,1,9
9,Debra,Wright,debra.wright9@example.com,555-818-2169,Emma Brooks,555-275-9751,1,10
10,Janet,Young,janet.young10@example.com,555-267-8573,Edward Wright,555-755-4598,1,11
11,Rachel,Adams,rachel.adams11@example.com,555-963-1916,Sandra Jones,555-924-6168,1,12
12,Rebecca,Wright,rebecca.wright12@example.com,555-167-4456,Stephen Green,555-317-9179,1,13
13,Ronald,Chavez,ronald.chavez13@example.com,555-569-3340,Kimberly Moore,555-352-9830,1,14
14,Kimberly,Howard,kimberly.howard14@example.com,555-538-7543,Brian Lewis,555-241-9348,1,15
15,Shirley,Lopez,shirley.lopez15@example.com,555-873-1771,Joseph Martin,555-742-3621,1,16
16,Rachel,Diaz,rachel.diaz16@example.com,555-710-2040,Stephanie Carter,555-710-8668,1,17
17,Helen,Allen,helen.allen17@example.com,555-666-1188,Rachel Anderson,555-798-9797,1,18
18,Jack,Wright,jack.wright18@example.com,555-887-6573,Joseph Nguyen,555-545-3591,1,19
19,Ryan,Smith,ryan.smith19@example.com,555-839-5315,Jacob Thompson,555-619-2743,1,20
20,Brandon,Hill,brandon.hill20@example.com,555-961-9317,Emma Sanchez,555-256-7126,1,21
21,Maria,Lee,maria.lee21@example.com,555-652-9689,James Kim,555-431-9005,1,22
22,John,Anderson,john.anderson22@example.com,555-471-6038,Mark Davis,555-346-2290,1,23
23,David,Morales,david.morales23@example.com,555-935-2133,Maria Morgan,555-884-3060,1,24
24,Thomas,James,thomas.james24@example.com,555-586-3705,Kimberly Ortiz,555-993-7932,1,25
25,Margaret,Cooper,margaret.cooper25@example.com,555-873-4295,Carolyn Flores,555-508-7118,1,26
26,Jeffrey,Gutierrez,jeffrey.gutierrez26@example.com,555-562-2982,Ashley Lewis,555-165-6539,1,27
27,John,Ramos,john.ramos27@example.com,555-667-4770,Nicole Lewis,555-107-2163,1,28
28,Frank,Watson,frank.watson28@example.com,555-160-4750,William Jones,555-980-6413,1,29
29,Elizabeth,Rogers,elizabeth.rogers29@example.com,555-343-5562,Debra Morales,555-319-9834,1,30
30,Thomas,Kelly,thomas.kelly30@example.com,555-690-8744,Ashley Stewart,555-926-7669,1,31
31,Matthew,Gonzalez,matthew.gonzalez31@example.com,555-199-8062,Melissa Diaz,555-520-8651,1,32
32,Janet,Miller,janet.miller32@example.com,555-789-2612,Linda Phillips,555-845-6559,1,33
33,Susan,Young,susan.young33@example.com,555-296-4116,Eric Edwards,555-243-7912,1,34
34,Lisa,Scott,lisa.scott34@example.com,555-573-5092,Elizabeth Cruz,555-927-2604,1,35
35,Michael,Wood,michael.wood35@example.com,555-653-1241,Barbara Walker,555-270-7658,1,36
36,Gary,Morris,gary.morris36@example.com,555-318-7570,Linda Perez,555-488-1035,1,37
37,Stephanie,King,stephanie.king37@example.com,555-902-8454,Andrew Diaz,555-813-8973,1,38
38,Karen,Harris,karen.harris38@example.com,555-403-4566,Linda Howard,555-853-9883,1,39
39,Linda,Green,linda.green39@example.com,555-158-1821,Larry Morris,555-614-9701,1,40
40,Christopher,Davis,christopher.davis40@example.com,555-620-2312,Lisa Rodriguez,555-709-2113,1,41
41,Gregory,Walker,gregory.walker41@example.com,555-513-2964,Stephen Young,555-692-1651,1,42
42,Samantha,Hernandez,samantha.hernandez42@example.com,555-529-9565,Joshua King,555-309-6147,1,43
43,Mark,King,mark.king43@example.com,555-505-3144,Debra Chavez,555-407-8491,1,44
44,Joshua,Martinez,joshua.martinez44@example.com,555-109-8508,Samantha Reed,555-202-2200,1,45
45,Eric,Ramirez,eric.ramirez45@example.com,555-618-5345,Thomas Hall,555-170-5002,1,46
46,Deborah,Torres,deborah.torres46@example.com,555-261-8179,Anna Hill,555-726-9666,1,47
47,Mary,Bennett,mary.bennett47@example.com,555-936-5905,Samuel Wilson,555-999-3200,1,48
48,Kimberly,Anderson,kimberly.anderson48@example.com,555-209-3546,Steven Torres,555-719-4450,1,49
49,Carolyn,Baker,carolyn.baker49@example.com,555-308-5325,Jacob Morales,555-357-1832,1,50
50,Barbara,Brooks,barbara.brooks50@example.com,555-533-5533,Jennifer Smith,555-441-3143,1,51
51,Katherine,King,katherine.king51@example.com,555-265-8239,Jonathan Diaz,555-674-1158,1,52
52,Joseph,Martinez,joseph.martinez52@example.com,555-807-3442,Anna Jones,555-954-7049,1,53
53,Larry,Peterson,larry.peterson53@example.com,555-251-8041,Thomas Garcia,555-415-6974,1,54
54,Jennifer,Rivera,jennifer.rivera54@example.com,555-315-5088,Debra Wilson,555-462-7658,1,55
55,Samantha,Martin,samantha.martin55@example.com,555-342-3662,Daniel Evans,555-125-3938,1,56
56,Raymond,Nelson,raymond.nelson56@example.com,555-901-7745,Debra Young,555-373-3608,1,57
57,Catherine,Wilson,catherine.wilson57@example.com,555-491-1634,Jacob Lewis,555-304-8541,1,58
58,Kevin,Flores,kevin.flores58@example.com,555-940-4728,Donald Brown,555-775-4164,1,59
59,Rebecca,Nelson,rebecca.nelson59@example.com,555-385-2137,Dennis Scott,555-459-9346,1,60
60,Rebecca,Gray,rebecca.gray60@example.com,555-963-9785,George Brown,555-218-5279,1,61
61,Daniel,Howard,daniel.howard61@example.com,555-371-1626,Susan Kim,555-544-6663,1,62
62,Janet,Green,janet.green62@example.com,555-546-9379,Joseph Roberts,555-690-4114,1,63
63,Paul,Garcia,paul.garcia63@example.com,555-825-8144,James Gutierrez,555-925-9821,1,64
64,Rachel,Bennett,rachel.bennett64@example.com,555-301-6967,Laura Rodriguez,555-780-6409,1,65
65,Samantha,Green,samantha.green65@example.com,555-779-3041,Patrick Hill,555-619-6067,1,66
66,Debra,Evans,debra.evans66@example.com,555-434-7592,Catherine Nguyen,555-667-3085,1,67
67,Matthew,Turner,matthew.turner67@example.com,555-780-7211,Gregory Thompson,555-730-5930,1,68
68,Rebecca,Peterson,rebecca.peterson68@example.com,555-953-1006,Kenneth Torres,555-315-8043,1,69
69,Larry,Cox,larry.cox69@example.com,555-770-6279,Kathleen Cruz,555-552-4501,1,70
70,Angela,Stewart,angela.stewart70@example.com,555-912-3780,Samuel Hernandez,555-390-9445,1,71
71,Samuel,Brooks,samuel.brooks71@example.com,555-734-6491,Barbara Walker,555-788-6085,1,72
72,Donald,Sanchez,donald.sanchez72@example.com,555-250-1400,Jennifer Young,555-586-2193,1,73
73,Ryan,Turner,ryan.turner73@example.com,555-744-4185,Carolyn Hughes,555-493-9099,1,74
74,Rebecca,Young,rebecca.young74@example.com,555-251-1090,Jack Wilson,555-897-7965,1,75
75,Donald,Thompson,donald.thompson75@example.com,555-923-9486,Kathleen Miller,555-670-5082,1,76
76,Jessica,Collins,jessica.collins76@example.com,555-236-8612,Debra Ortiz,555-672-6198,1,77
77,Jack,Cruz,jack.cruz77@example.com,555-727-9270,Jason Peterson,555-556-3607,1,78
78,Ruth,Stewart,ruth.stewart78@example.com,555-560-5246,Jack Young,555-960-5543,1,79
79,Dennis,Gutierrez,dennis.gutierrez79@example.com,555-596-4919,Emily Cruz,555-179-5681,1,80
80,Mark,Wright,mark.wright80@example.com,555-443-6238,Anna Hernandez,555-241-3471,1,81
81,Sandra,Roberts,sandra.roberts81@example.com,555-810-3503,Frank Ramirez,555-165-7797,1,82
82,Timothy,Nelson,timothy.nelson82@example.com,555-655-8633,Sharon Davis,555-311-7883,1,83
83,Stephanie,Howard,stephanie.howard83@example.com,555-812-1320,Maria Kelly,555-489-8814,1,84
84,James,Rivera,james.rivera84@example.com,555-405-7389,Sharon Morgan,555-865-9947,1,85
85,Emma,Lewis,emma.lewis85@example.com,555-599-4595,Steven Parker,555-597-1475,1,86
86,Stephanie,Baker,stephanie.baker86@example.com,555-784-7624,Patrick Perez,555-960-8657,1,87
87,Thomas,Richardson,thomas.richardson87@example.com,555-646-1441,Ronald Ramos,555-677-1444,1,88
88,David,Chavez,david.chavez88@example.com,555-538-3223,Kathleen White,555-151-5262,1,89
89,Edward,Adams,edward.adams89@example.com,555-316-8449,Carol Baker,555-879-7211,1,90
90,Emily,Turner,emily.turner90@example.com,555-358-2341,Jacob Williams,555-867-9837,1,91
91,Michael,Hall,michael.hall91@example.com,555-329-2124,Heather Wood,555-141-1508,1,92
92,Ashley,Sanchez,ashley.sanchez92@example.com,555-959-1333,Samantha Martin,555-344-3068,1,93
93,Jacob,Bennett,jacob.bennett93@example.com,555-217-4571,Kathleen Hughes,555-362-7043,1,94
94,Nancy,Cox,nancy.cox94@example.com,555-721-2876,Heather Lee,555-418-2771,1,96
95,Larry,Brown,larry.brown95@example.com,555-419-7149,Ronald Sanchez,555-177-4978,1,97
96,Susan,Hughes,susan.hughes96@example.com,555-891-5941,Rachel Kim,555-924-2983,1,98
97,Stephen,Garcia,stephen.garcia97@example.com,555-455-9728,Jason James,555-479-2129,1,99
98,Jacob,Chavez,jacob.chavez98@example.com,555-449-1207,Sharon Morales,555-208-8102,1,100
99,Brian,Brooks,brian.brooks99@example.com,555-948-8532,Frank Martin,555-545-3885,1,101
100,Janet,Gutierrez,janet.gutierrez100@example.com,555-766-5425,Scott Morgan,555-893-8921,1,102
101,Kathleen,Parker,kathleen.parker101@example.com,555-945-5397,Carol Young,555-950-2419,1,103
102,Emily,Edwards,emily.edwards102@example.com,555-349-8613,Stephen Ward,555-784-7209,1,104
103,Amanda,Brown,amanda.brown103@example.com,555-606-6325,Lisa Morales,555-317-6813,1,105
104,Kimberly,Baker,kimberly.baker104@example.com,555-386-5526,Brenda Johnson,555-629-4130,1,106
105,David,Walker,david.walker105@example.com,555-837-7658,Gary Bailey,555-876-4937,1,107
106,Alexander,Stewart,alexander.stewart106@example.com,555-761-9041,Cynthia Williams,555-195-5820,1,108
107,Donald,Phillips,donald.phillips107@example.com,555-808-4986,Michelle James,555-695-7046,1,109
108,Jacob,Peterson,jacob.peterson108@example.com,555-643-6632,Jason Peterson,555-438-6764,1,110
109,Catherine,Collins,catherine.collins109@example.com,555-377-6023,Paul Robinson,555-223-4155,1,111
110,Joshua,Thomas,joshua.thomas110@example.com,555-860-9779,Maria Ruiz,555-289-4138,1,112
111,Margaret,Morris,margaret.morris111@example.com,555-383-9595,Justin Torres,555-202-4180,1,113
112,Donna,Robinson,donna.robinson112@example.com,555-469-3939,Kenneth Johnson,555-825-9751,1,114
113,Thomas,Scott,thomas.scott113@example.com,555-146-1893,Jonathan Nguyen,555-814-3068,1,115
114,Katherine,Morales,katherine.morales114@example.com,555-205-1200,Pamela Torres,555-580-8843,1,116
115,Jeffrey,Baker,jeffrey.baker115@example.com,555-288-1841,Paul Morris,555-216-2070,1,117
116,Rebecca,Morales,rebecca.morales116@example.com,555-175-1878,Karen Martin,555-930-5978,1,119
117,David,Young,david.young117@example.com,555-221-7818,Emma Kim,555-909-4697,1,120
118,Heather,Gutierrez,heather.gutierrez118@example.com,555-489-8381,Jeffrey Hill,555-980-8025,1,121
119,Michelle,Reed,michelle.reed119@example.com,555-735-1986,Scott Gonzalez,555-881-4404,1,122
120,Brandon,Ramirez,brandon.ramirez120@example.com,555-370-2330,Christopher Walker,555-277-2229,1,123
121,Christopher,Smith,christopher.smith121@example.com,555-518-8381,Alexander Kim,555-581-5771,1,124
122,Robert,Robinson,robert.robinson122@example.com,555-395-5632,Catherine Collins,555-172-4824,1,125
123,Kimberly,Watson,kimberly.watson123@example.com,555-703-4241,Jason Anderson,555-657-4683,1,126
124,Benjamin,Martin,benjamin.martin124@example.com,555-372-3330,Elizabeth Davis,555-269-6039,1,127
125,Justin,Reed,justin.reed125@example.com,555-395-8195,Jessica Reyes,555-805-5982,1,128
126,Catherine,Phillips,catherine.phillips126@example.com,555-378-9199,Anna Murphy,555-548-2317,1,130
127,Justin,Garcia,justin.garcia127@example.com,555-542-6280,Emma Allen,555-126-2496,1,131
128,Sandra,Gray,sandra.gray128@example.com,555-956-1339,Maria Gray,555-941-5415,1,133
129,Pamela,Garcia,pamela.garcia129@example.com,555-881-3870,Jacob Gutierrez,555-767-8245,1,134
130,Emily,White,emily.white130@example.com,555-699-8141,Katherine Morales,555-193-8700,1,135
131,Kevin,Evans,kevin.evans131@example.com,555-441-6260,Debra Wilson,555-978-3634,1,136
132,George,Evans,george.evans132@example.com,555-810-9117,Andrew James,555-510-1601,1,137
133,Ryan,Lopez,ryan.lopez133@example.com,555-422-5135,Carol Anderson,555-891-7622,1,138
134,Angela,Smith,angela.smith134@example.com,555-773-9889,Kathleen Evans,555-155-4073,1,139
135,Nicholas,Campbell,nicholas.campbell135@example.com,555-737-9167,Brandon Cruz,555-878-1845,1,140
136,Anthony,Wright,anthony.wright136@example.com,555-662-3146,Andrew Cruz,555-815-8941,1,141
137,Jessica,Brown,jessica.brown137@example.com,555-745-4920,Frank Lee,555-418-1224,1,142
138,Jonathan,Evans,jonathan.evans138@example.com,555-195-4681,Joseph Reyes,555-220-3522,1,143
139,Shirley,Nguyen,shirley.nguyen139@example.com,555-621-5479,Sharon Morris,555-583-4993,1,144
140,Ryan,Peterson,ryan.peterson140@example.com,555-248-7284,Matthew Kim,555-620-3236,1,145
141,William,Scott,william.scott141@example.com,555-891-7798,Amanda Cook,555-373-1042,1,146
142,Andrew,Hill,andrew.hill142@example.com,555-957-9022,Karen Edwards,555-651-8935,1,147
143,Kevin,Nelson,kevin.nelson143@example.com,555-665-9903,Edward Collins,555-429-4090,1,148
144,Catherine,Walker,catherine.walker144@example.com,555-685-7274,Sandra Evans,555-144-6213,1,149
145,Ruth,Stewart,ruth.stewart145@example.com,555-822-7246,Stephanie James,555-911-3492,1,150
146,Shirley,Jones,shirley.jones146@example.com,555-229-9229,Nicole Nelson,555-990-2644,1,151
147,Jeffrey,Gonzalez,jeffrey.gonzalez147@example.com,555-638-8486,Mary Jackson,555-519-3529,1,152
148,Elizabeth,Stewart,elizabeth.stewart148@example.com,555-900-5342,Amanda Richardson,555-809-7512,1,153
149,Christine,Hernandez,christine.hernandez149@example.com,555-972-6383,Gregory Morgan,555-489-6188,1,154
150,Brandon,Morales,brandon.morales150@example.com,555-993-9864,Robert Richardson,555-170-4846,1,155
151,Brandon,Mendoza,brandon.mendoza151@example.com,555-394-4727,Ruth Lopez,555-544-2612,1,156
152,Maria,Brooks,maria.brooks152@example.com,555-820-2646,Jeffrey Perez,555-810-5906,1,157
153,Patricia,Garcia,patricia.garcia153@example.com,555-432-1919,Donna Rivera,555-483-8056,1,158
154,Charles,Young,charles.young154@example.com,555-643-7751,Stephen Mendoza,555-911-3950,1,159
155,Nancy,Thompson,nancy.thompson155@example.com,555-180-7267,Samantha Mendoza,555-346-9153,1,160
156,Larry,Jackson,larry.jackson156@example.com,555-337-8555,Katherine Allen,555-570-5183,1,161
157,Debra,Johnson,debra.johnson157@example.com,555-923-8622,Andrew Gray,555-659-3588,1,162
158,Elizabeth,Cruz,elizabeth.cruz158@example.com,555-453-5901,Katherine Diaz,555-806-5097,1,163
159,Ryan,Hill,ryan.hill159@example.com,555-303-7302,Amy Wilson,555-342-7248,1,164
160,Pamela,Rivera,pamela.rivera160@example.com,555-688-5847,Catherine Nguyen,555-122-7484,1,165
161,Emily,Johnson,emily.johnson161@example.com,555-679-1803,Emma Murphy,555-952-5689,1,166
162,Heather,Robinson,heather.robinson162@example.com,555-721-6772,Donald Brooks,555-294-5106,1,167
163,Gregory,James,gregory.james163@example.com,555-797-3240,Brandon Gonzalez,555-742-1645,1,168
164,Michelle,Cruz,michelle.cruz164@example.com,555-134-6977,Janet Taylor,555-192-5835,1,169
165,Carol,Turner,carol.turner165@example.com,555-279-4289,Thomas Cooper,555-997-6994,1,170
166,Helen,Cook,helen.cook166@example.com,555-379-3695,Paul Morris,555-925-5835,1,171
167,Ruth,Baker,ruth.baker167@example.com,555-923-2886,Kathleen Martinez,555-244-4696,1,172
168,Gregory,Gray,gregory.gray168@example.com,555-506-6992,Barbara Gomez,555-114-5332,1,173
169,Eric,Thomas,eric.thomas169@example.com,555-565-7038,Gregory Gray,555-368-7242,1,174
170,Katherine,Mitchell,katherine.mitchell170@example.com,555-210-4830,Jacob Brown,555-734-6374,1,175
171,Scott,Lewis,scott.lewis171@example.com,555-763-2035,Katherine Reyes,555-817-5951,1,176
172,Christine,Evans,christine.evans172@example.com,555-219-3290,Jennifer Jones,555-411-9071,1,177
173,Joseph,Gonzalez,joseph.gonzalez173@example.com,555-340-9807,Sarah Roberts,555-564-7078,1,178
174,Debra,Hughes,debra.hughes174@example.com,555-653-7866,Nicole Martin,555-524-2622,1,179
175,Gary,Ward,gary.ward175@example.com,555-517-5583,Robert Ruiz,555-479-4559,1,180
176,Jeffrey,Cruz,jeffrey.cruz176@example.com,555-341-6942,Richard Mendoza,555-476-9920,1,181
177,Benjamin,Rivera,benjamin.rivera177@example.com,555-162-7523,Emily Harris,555-225-8450,1,182
178,Barbara,James,barbara.james178@example.com,555-317-1349,Michael Nelson,555-349-3063,1,183
179,Stephen,Clark,stephen.clark179@example.com,555-170-4394,Nicole Ramirez,555-932-4817,1,184
180,George,Jackson,george.jackson180@example.com,555-907-1046,Emily Jackson,555-233-9850,1,185
181,Paul,Thompson,paul.thompson181@example.com,555-212-1422,Thomas Johnson,555-466-4898,1,186
182,Nicole,Adams,nicole.adams182@example.com,555-116-3854,Kimberly Miller,555-229-7897,1,187
183,Helen,Anderson,helen.anderson183@example.com,555-863-2041,Jacob Edwards,555-896-6931,1,188
184,Angela,Ramos,angela.ramos184@example.com,555-211-8405,Jacob Lewis,555-729-1710,1,189
185,Janet,James,janet.james185@example.com,555-633-5941,Ryan Chavez,555-131-1996,1,190
186,Amy,Phillips,amy.phillips186@example.com,555-536-2768,Gary Cruz,555-175-2323,1,191
187,Carol,Cox,carol.cox187@example.com,555-251-2076,Thomas Scott,555-739-9984,1,192
188,Carolyn,Adams,carolyn.adams188@example.com,555-490-9692,Donna Collins,555-617-8048,1,193
189,Richard,Hughes,richard.hughes189@example.com,555-217-4522,Laura Edwards,555-333-7779,1,194
190,Amanda,Collins,amanda.collins190@example.com,555-508-7815,Janet Gonzalez,555-420-7992,1,195
191,Joshua,Bennett,joshua.bennett191@example.com,555-361-7132,Karen Mendoza,555-585-2099,1,196
192,Barbara,Hernandez,barbara.hernandez192@example.com,555-195-8075,Richard Mitchell,555-931-3131,1,197
193,Brenda,Davis,brenda.davis193@example.com,555-700-6400,Debra Thomas,555-520-6793,1,198
194,Debra,Diaz,debra.diaz194@example.com,555-988-1842,Andrew Kim,555-419-6761,1,199
195,Susan,Kelly,susan.kelly195@example.com,555-619-4485,Karen James,555-593-4674,1,200
196,Susan,Hall,susan.hall196@example.com,555-965-7022,Joseph Scott,555-687-4705,1,201
197,Jason,Bailey,jason.bailey197@example.com,555-885-1430,Emma James,555-949-5381,1,202
198,Patricia,White,patricia.white198@example.com,555-379-6062,Amanda Hall,555-106-3972,1,203
199,Charles,Reed,charles.reed199@example.com,555-773-7566,William Jackson,555-858-1502,1,204
200,Barbara,Ortiz,barbara.ortiz200@example.com,555-320-7163,Sharon Collins,555-449-3578,1,205
201,Deborah,Flores,deborah.flores201@example.com,555-838-6314,Heather Reed,555-710-2391,1,206
202,Michael,Martin,michael.martin202@example.com,555-261-1815,Gregory Hernandez,555-378-8259,1,207
203,Samuel,Diaz,samuel.diaz203@example.com,555-597-8242,Sharon Wright,555-320-9394,1,208
204,Joseph,Hall,joseph.hall204@example.com,555-540-2816,Andrew Gray,555-794-8972,1,209
205,Helen,Bennett,helen.bennett205@example.com,555-415-1744,Donald Gomez,555-713-1897,1,210
206,James,Clark,james.clark206@example.com,555-408-4460,Dennis Moore,555-882-5186,1,211
207,Donna,Adams,donna.adams207@example.com,555-222-1126,Shirley Parker,555-279-3116,1,212
208,Edward,Morgan,edward.morgan208@example.com,555-820-4770,Jacob Bailey,555-953-6802,1,213
209,Elizabeth,Gomez,elizabeth.gomez209@example.com,555-982-1693,Laura Williams,555-570-2275,1,214
210,Joshua,Kelly,joshua.kelly210@example.com,555-539-7626,Frank Brooks,555-527-5743,1,215
211,Joseph,Phillips,joseph.phillips211@example.com,555-121-6321,Nancy Richardson,555-571-6928,1,216
212,Barbara,Parker,barbara.parker212@example.com,555-964-2734,Ashley Parker,555-703-7560,1,217
213,Helen,Hernandez,helen.hernandez213@example.com,555-505-6083,Ruth Baker,555-326-6456,1,218
214,Heather,Perez,heather.perez214@example.com,555-178-9363,Katherine Anderson,555-643-9355,1,219
215,Matthew,Hall,matthew.hall215@example.com,555-459-3419,Mark Wilson,555-249-5193,1,220
216,Betty,Thompson,betty.thompson216@example.com,555-716-3504,Maria Wood,555-177-3902,1,221
217,Dennis,Watson,dennis.watson217@example.com,555-605-8601,Jack Reed,555-878-8354,1,222
218,Rachel,Reed,rachel.reed218@example.com,555-758-6295,Brandon Green,555-254-8205,1,223
219,William,Stewart,william.stewart219@example.com,555-552-5961,Emily Ramos,555-157-6766,1,224
220,Jacob,Martinez,jacob.martinez220@example.com,555-417-8565,Cynthia Jones,555-158-7041,1,225
221,Andrew,Martinez,andrew.martinez221@example.com,555-760-2479,Scott Kim,555-619-7299,1,226
222,Kathleen,Howard,kathleen.howard222@example.com,555-667-1672,Cynthia Kelly,555-767-4084,1,227
223,Carol,Cox,carol.cox223@example.com,555-587-9214,Karen Davis,555-561-2695,1,228
224,Amanda,Hernandez,amanda.hernandez224@example.com,555-616-3827,Jennifer Young,555-824-8172,1,229
225,Jeffrey,Ortiz,jeffrey.ortiz225@example.com,555-635-3600,Brian Mitchell,555-389-7347,1,230
226,Timothy,Baker,timothy.baker226@example.com,555-795-1857,Brandon Chavez,555-442-2079,1,231
227,George,Gonzalez,george.gonzalez227@example.com,555-671-7333,Andrew Allen,555-841-3463,1,232
228,George,Hernandez,george.hernandez228@example.com,555-696-3317,Kevin Flores,555-771-7421,1,233
229,Thomas,Kim,thomas.kim229@example.com,555-825-2388,Michelle Bailey,555-485-6381,1,234
230,Thomas,Bennett,thomas.bennett230@example.com,555-819-9624,Barbara Chavez,555-786-7937,1,235
231,Angela,Campbell,angela.campbell231@example.com,555-118-6940,Michelle White,555-319-6598,1,236
232,Dennis,Morales,dennis.morales232@example.com,555-296-4711,Sarah Martin,555-179-5846,1,237
233,Richard,Cook,richard.cook233@example.com,555-889-9843,Raymond Ortiz,555-138-6517,1,238
234,Dennis,Richardson,dennis.richardson234@example.com,555-234-7172,Karen Lee,555-285-3712,1,239
235,Patrick,Cruz,patrick.cruz235@example.com,555-144-7731,Brian Gray,555-836-4891,1,240
236,Jeffrey,Ward,jeffrey.ward236@example.com,555-391-8355,Sandra Morgan,555-344-6070,1,241
237,Jacob,Harris,jacob.harris237@example.com,555-476-8218,Kathleen Torres,555-896-7256,1,242
238,Jacob,Ortiz,jacob.ortiz238@example.com,555-528-3655,Betty Cox,555-241-5096,1,243
239,Michael,Chavez,michael.chavez239@example.com,555-592-7081,Jonathan Wilson,555-828-9452,1,244
240,Jessica,Torres,jessica.torres240@example.com,555-185-3626,Steven Edwards,555-625-3414,1,245
241,Laura,Lopez,laura.lopez241@example.com,555-327-8391,Kevin Brown,555-524-1872,1,246
242,Ronald,Cook,ronald.cook242@example.com,555-482-4862,Stephanie Hernandez,555-483-4678,1,247
243,Patricia,Green,patricia.green243@example.com,555-201-6493,Charles Moore,555-139-5700,1,248
244,Jacob,Hughes,jacob.hughes244@example.com,555-951-3273,Maria Stewart,555-559-1086,1,249
245,David,Williams,david.williams245@example.com,555-362-4533,Karen Peterson,555-844-9647,1,250
246,Jason,Anderson,jason.anderson246@example.com,555-894-5720,Mark Hill,555-224-1782,1,251
247,Mark,Turner,mark.turner247@example.com,555-754-8489,William Anderson,555-956-9189,1,252
248,Justin,Morgan,justin.morgan248@example.com,555-116-9443,Pamela Walker,555-835-3352,1,253
249,Donna,Diaz,donna.diaz249@example.com,555-101-6780,Mark Kelly,555-526-4068,1,254
250,Debra,Bennett,debra.bennett250@example.com,555-187-9576,Brian Rodriguez,555-638-9914,1,255
251,Jacob,Cook,jacob.cook251@example.com,555-667-1333,Stephanie Stewart,555-144-7338,1,256
252,Deborah,Allen,deborah.allen252@example.com,555-865-1266,Melissa Rodriguez,555-453-4950,1,257
253,Janet,James,janet.james253@example.com,555-743-2698,Dennis Howard,555-852-6447,1,258
254,Sarah,Garcia,sarah.garcia254@example.com,555-460-9945,Amanda Chavez,555-279-8612,1,259
255,Catherine,Morris,catherine.morris255@example.com,555-746-3986,Sarah Rodriguez,555-833-8498,1,260
256,Robert,Nguyen,robert.nguyen256@example.com,555-306-1717,Betty Garcia,555-423-6080,1,261
257,Angela,Gomez,angela.gomez257@example.com,555-934-9897,Jacob Allen,555-137-4131,1,262
258,Andrew,Rivera,andrew.rivera258@example.com,555-982-1783,Christine Nelson,555-379-3039,1,263
259,Deborah,Parker,deborah.parker259@example.com,555-509-8204,Stephanie Baker,555-291-9129,1,264
260,Alexander,Murphy,alexander.murphy260@example.com,555-476-9507,Steven Hernandez,555-844-7955,1,265
261,David,Parker,david.parker261@example.com,555-716-3956,Anna Nguyen,555-428-2680,1,266
262,David,Adams,david.adams262@example.com,555-776-5843,Michelle Edwards,555-717-7981,1,267
263,Nancy,Ruiz,nancy.ruiz263@example.com,555-554-6759,Cynthia Garcia,555-844-6776,1,268
264,Scott,Parker,scott.parker264@example.com,555-381-1939,Elizabeth Bennett,555-752-7655,1,269
265,Brian,Rogers,brian.rogers265@example.com,555-920-3621,Patricia Jackson,555-969-8179,1,270
266,Robert,Taylor,robert.taylor266@example.com,555-168-4866,Heather Chavez,555-475-6933,1,271
267,Stephanie,Reed,stephanie.reed267@example.com,555-133-3513,Gregory Edwards,555-479-7095,1,272
268,Jeffrey,Martinez,jeffrey.martinez268@example.com,555-687-3255,Helen Campbell,555-507-6150,1,273
269,Christine,Scott,christine.scott269@example.com,555-355-2858,Patricia White,555-611-9482,1,274
270,Stephanie,Bailey,stephanie.bailey270@example.com,555-220-5288,Heather King,555-820-8311,1,275
271,Margaret,Ward,margaret.ward271@example.com,555-392-9047,Betty Thomas,555-238-2213,1,276
272,Cynthia,Thompson,cynthia.thompson272@example.com,555-830-8292,Barbara Mendoza,555-965-6236,1,277
273,Debra,Hall,debra.hall273@example.com,555-826-2063,Jonathan Cooper,555-397-5914,1,278
274,Christopher,Hughes,christopher.hughes274@example.com,555-753-3852,Brian Rogers,555-329-2988,1,279
275,Betty,Moore,betty.moore275@example.com,555-342-9094,Patricia Campbell,555-667-7044,1,280
276,Kathleen,Peterson,kathleen.peterson276@example.com,555-232-2412,William Flores,555-507-8842,1,281
277,Helen,Evans,helen.evans277@example.com,555-887-7708,Pamela Martinez,555-228-6194,1,282
278,Benjamin,Martinez,benjamin.martinez278@example.com,555-560-8632,Rachel Gutierrez,555-452-3102,1,283
279,Heather,Peterson,heather.peterson279@example.com,555-755-3981,Dennis Taylor,555-543-9238,1,284
280,Linda,Thomas,linda.thomas280@example.com,555-630-3507,Kenneth Perez,555-265-6286,1,285
281,Frank,Lewis,frank.lewis281@example.com,555-454-9501,Andrew Hernandez,555-356-4216,1,286
282,Katherine,Peterson,katherine.peterson282@example.com,555-381-3050,Brandon Hill,555-729-9740,1,288
283,Barbara,Cook,barbara.cook283@example.com,555-756-3762,Nicole Howard,555-257-3804,1,289
284,Samuel,Richardson,samuel.richardson284@example.com,555-837-6531,Stephen Garcia,555-945-1464,1,290
285,David,Garcia,david.garcia285@example.com,555-756-5336,Christine Clark,555-885-7825,1,291
286,Samantha,Brooks,samantha.brooks286@example.com,555-131-9159,Brandon Cooper,555-396-5949,1,292
287,Amy,Young,amy.young287@example.com,555-924-7653,Kenneth Collins,555-174-1981,1,293
288,Christopher,Cruz,christopher.cruz288@example.com,555-525-8933,Kathleen Clark,555-448-3353,1,294
289,Joshua,Green,joshua.green289@example.com,555-851-6658,Rebecca Taylor,555-878-7070,1,296
290,Angela,Bailey,angela.bailey290@example.com,555-208-6228,Mark Reyes,555-225-5382,1,297
291,Cynthia,Young,cynthia.young291@example.com,555-244-2586,Michael Nguyen,555-493-7850,1,298
292,Ashley,Lee,ashley.lee292@example.com,555-933-6364,Pamela Green,555-294-3610,1,299
293,Shirley,Rogers,shirley.rogers293@example.com,555-578-9171,Michelle Murphy,555-123-2475,1,300
294,Ronald,Cook,ronald.cook294@example.com,555-568-4944,Margaret Howard,555-461-1797,1,301
295,Michael,Torres,michael.torres295@example.com,555-606-8710,Andrew Morgan,555-108-2761,1,302
296,Laura,Moore,laura.moore296@example.com,555-370-6992,Maria Phillips,555-474-1741,1,303
297,Rebecca,Miller,rebecca.miller297@example.com,555-683-4189,Brian Peterson,555-395-2204,1,304
298,Stephanie,Cook,stephanie.cook298@example.com,555-561-5582,Samantha Mendoza,555-725-2946,1,305
299,Thomas,Gonzalez,thomas.gonzalez299@example.com,555-503-7114,Amanda Bailey,555-474-3363,1,306
300,Betty,Cox,betty.cox300@example.com,555-621-7576,Jacob Garcia,555-146-1637,1,307
301,Sarah,Nelson,sarah.nelson301@example.com,555-923-8761,Nicholas Collins,555-252-9446,1,308
302,Sarah,Adams,sarah.adams302@example.com,555-727-6218,Christopher Gomez,555-731-5902,1,309
303,Nicole,Baker,nicole.baker303@example.com,555-619-9351,Eric Morales,555-825-5911,1,310
304,Jacob,Williams,jacob.williams304@example.com,555-477-6427,Gregory Anderson,555-526-6040,1,311
305,Patrick,Ruiz,patrick.ruiz305@example.com,555-744-1436,Justin Stewart,555-371-4728,1,312
306,Patrick,Miller,patrick.miller306@example.com,555-697-8871,Nancy Ortiz,555-744-7229,1,313
307,Charles,Mendoza,charles.mendoza307@example.com,555-348-1517,Pamela Hughes,555-212-4125,1,314
308,John,Cruz,john.cruz308@example.com,555-421-7861,Karen Evans,555-807-4340,1,315
309,Timothy,Cook,timothy.cook309@example.com,555-893-8726,Raymond Davis,555-822-3262,1,316
310,Nicholas,Clark,nicholas.clark310@example.com,555-674-6325,Samuel Morris,555-638-7173,1,317
311,Joshua,Thompson,joshua.thompson311@example.com,555-570-9734,Amanda Cooper,555-462-5331,1,318
312,Scott,Morris,scott.morris312@example.com,555-296-5038,Emily Bailey,555-405-4684,1,319
313,Kenneth,Torres,kenneth.torres313@example.com,555-821-4396,Alexander Morales,555-424-8861,1,320
314,Kevin,Bailey,kevin.bailey314@example.com,555-914-5480,Andrew Thomas,555-687-9899,1,321
315,Edward,Gomez,edward.gomez315@example.com,555-938-6654,Dennis Jackson,555-397-1689,1,322
316,Andrew,Hernandez,andrew.hernandez316@example.com,555-454-8247,Christine Allen,555-865-8849,1,323
317,Margaret,Sanchez,margaret.sanchez317@example.com,555-947-9824,Steven Bailey,555-812-5450,1,324
318,Sarah,Wilson,sarah.wilson318@example.com,555-730-4920,Ashley Miller,555-785-9700,1,325
319,Donald,Brooks,donald.brooks319@example.com,555-338-1860,Richard Evans,555-438-8739,1,326
320,Richard,Mendoza,richard.mendoza320@example.com,555-889-3252,James Peterson,555-261-7666,1,327
321,Christine,Stewart,christine.stewart321@example.com,555-588-4267,Jack Torres,555-428-5676,1,328
322,Benjamin,Davis,benjamin.davis322@example.com,555-887-2465,Christine Kelly,555-337-9767,1,329
323,Raymond,Jones,raymond.jones323@example.com,555-279-7846,Daniel Jones,555-956-7504,1,330
324,Shirley,White,shirley.white324@example.com,555-866-5742,Robert Johnson,555-405-2758,1,331
325,George,Torres,george.torres325@example.com,555-565-9901,Helen Murphy,555-237-9261,1,332
326,Kathleen,Wright,kathleen.wright326@example.com,555-297-2845,George Lee,555-848-8518,1,333
327,Benjamin,Allen,benjamin.allen327@example.com,555-835-4050,Mary Baker,555-909-5833,1,334
328,Stephen,Gray,stephen.gray328@example.com,555-875-4164,Daniel Ward,555-976-7643,1,335
329,Jason,Rogers,jason.rogers329@example.com,555-435-2421,Rebecca Bennett,555-197-4027,1,336
330,Sarah,Morris,sarah.morris330@example.com,555-431-5064,James King,555-492-4858,1,337
331,Cynthia,Wright,cynthia.wright331@example.com,555-437-5947,Larry Kelly,555-111-5285,1,338
332,Christine,Campbell,christine.campbell332@example.com,555-809-4871,Linda Bennett,555-221-8625,1,339
333,Michelle,Lee,michelle.lee333@example.com,555-515-9233,Frank Flores,555-806-2923,1,340
334,Katherine,Nguyen,katherine.nguyen334@example.com,555-476-4618,Donald Moore,555-589-3509,1,341
335,Ryan,Cox,ryan.cox335@example.com,555-482-7813,Catherine Peterson,555-582-9806,1,342
336,Debra,Ramirez,debra.ramirez336@example.com,555-880-5054,Rachel Kim,555-994-2341,1,343
337,Helen,Edwards,helen.edwards337@example.com,555-640-6927,Elizabeth Reed,555-214-2011,1,344
338,Jonathan,Cook,jonathan.cook338@example.com,555-307-9792,Karen Perez,555-435-9525,1,345
339,Jeffrey,Anderson,jeffrey.anderson339@example.com,555-796-4365,Carolyn Howard,555-600-2489,1,346
340,Angela,Edwards,angela.edwards340@example.com,555-928-1911,Ryan Taylor,555-625-7806,1,347
341,Ryan,Reed,ryan.reed341@example.com,555-159-8575,Gregory Flores,555-840-1356,1,348
342,Ronald,Allen,ronald.allen342@example.com,555-936-1049,Ruth Ramirez,555-692-2196,1,349
343,Jennifer,Diaz,jennifer.diaz343@example.com,555-452-2044,Anna Davis,555-170-8734,1,350
344,Robert,Torres,robert.torres344@example.com,555-518-3948,Dennis Moore,555-884-7887,1,351
345,Deborah,Carter,deborah.carter345@example.com,555-559-7184,Edward Hernandez,555-799-9835,1,352
346,Sarah,Wood,sarah.wood346@example.com,555-980-6697,Jessica Thompson,555-650-7439,1,353
347,Helen,Taylor,helen.taylor347@example.com,555-845-4648,James Williams,555-405-8585,1,354
348,Gregory,Cooper,gregory.cooper348@example.com,555-534-9715,Edward Robinson,555-353-8546,1,356
349,Kevin,Martin,kevin.martin349@example.com,555-382-4088,Patrick Anderson,555-132-7868,1,357
350,Scott,Williams,scott.williams350@example.com,555-346-4376,William Gonzalez,555-708-1550,1,358
351,Cynthia,Kim,cynthia.kim351@example.com,555-788-1797,Ashley Garcia,555-511-8191,1,359
352,Sandra,Cooper,sandra.cooper352@example.com,555-322-1924,Sarah Cook,555-396-4836,1,360
353,Janet,Kelly,janet.kelly353@example.com,555-426-6253,Mark Hill,555-997-3347,1,361
354,Samuel,Gutierrez,samuel.gutierrez354@example.com,555-326-7775,Kenneth Scott,555-162-3869,1,362
355,Brandon,Gray,brandon.gray355@example.com,555-537-9120,Michael Hall,555-758-7244,1,363
356,Helen,Green,helen.green356@example.com,555-813-7821,Timothy Martin,555-407-7167,1,364
357,Lisa,Morgan,lisa.morgan357@example.com,555-584-4948,Donald Hill,555-978-3365,1,365
358,Kathleen,Davis,kathleen.davis358@example.com,555-675-7761,Sharon Bailey,555-642-3196,1,366
359,Stephanie,Young,stephanie.young359@example.com,555-361-4331,George Chavez,555-180-8369,1,367
360,Deborah,Lopez,deborah.lopez360@example.com,555-648-4120,Michael Wright,555-486-1647,1,368
361,Elizabeth,Harris,elizabeth.harris361@example.com,555-923-4555,Amy Clark,555-990-6455,1,369
362,Kenneth,Johnson,kenneth.johnson362@example.com,555-316-4113,Raymond Thomas,555-864-8846,1,370
363,Ashley,Hughes,ashley.hughes363@example.com,555-718-4350,Ronald Walker,555-665-6269,1,371
364,Heather,Torres,heather.torres364@example.com,555-489-8639,Eric Wood,555-467-6053,1,372
365,Kimberly,Campbell,kimberly.campbell365@example.com,555-625-9147,Kathleen Gonzalez,555-922-8692,1,373
366,Maria,Green,maria.green366@example.com,555-308-7073,Joshua Evans,555-146-4625,1,374
367,Raymond,Jackson,raymond.jackson367@example.com,555-116-5272,Jonathan Howard,555-693-7841,1,375
368,Donna,Martin,donna.martin368@example.com,555-300-6404,Sandra Carter,555-683-5026,1,377
369,Shirley,Peterson,shirley.peterson369@example.com,555-770-6530,Paul Morales,555-840-9037,1,378
370,Ryan,Perez,ryan.perez370@example.com,555-850-6770,Nancy Moore,555-837-9954,1,379
371,Gary,White,gary.white371@example.com,555-655-1962,Helen Jones,555-959-2217,1,380
372,Debra,Miller,debra.miller372@example.com,555-882-1104,Timothy Moore,555-962-4791,1,381
373,William,Martin,william.martin373@example.com,555-109-4583,Jacob Collins,555-482-1990,1,382
374,Samantha,Brooks,samantha.brooks374@example.com,555-782-8916,Samuel Morales,555-116-1108,1,383
375,Eric,Peterson,eric.peterson375@example.com,555-521-1194,John Ortiz,555-839-5501,1,384
376,Eric,Torres,eric.torres376@example.com,555-117-9228,Catherine Gray,555-540-3937,1,385
377,Susan,Gonzalez,susan.gonzalez377@example.com,555-636-3439,Mark Harris,555-734-9625,1,386
378,Paul,Rivera,paul.rivera378@example.com,555-373-7502,David Mitchell,555-515-8520,1,387
379,Stephen,Young,stephen.young379@example.com,555-813-4700,Kenneth Mendoza,555-947-2320,1,388
380,Christine,Wood,christine.wood380@example.com,555-877-1519,Barbara Phillips,555-488-7179,1,389
381,Jonathan,Stewart,jonathan.stewart381@example.com,555-157-1154,Catherine Perez,555-184-9189,1,390
382,Laura,Chavez,laura.chavez382@example.com,555-903-6427,Stephen Gonzalez,555-640-1697,1,391
383,Sandra,Ramirez,sandra.ramirez383@example.com,555-988-8790,Steven Garcia,555-176-5593,1,392
384,Anna,Reed,anna.reed384@example.com,555-773-1539,Daniel Green,555-116-4394,1,393
385,Nicole,Jackson,nicole.jackson385@example.com,555-870-7525,Elizabeth Hill,555-266-4939,1,394
386,Stephen,Roberts,stephen.roberts386@example.com,555-793-9856,George Roberts,555-873-3292,1,395
387,Alexander,Hernandez,alexander.hernandez387@example.com,555-612-6666,Michael Gonzalez,555-547-4803,1,396
388,Elizabeth,Baker,elizabeth.baker388@example.com,555-719-7499,Heather Adams,555-130-5478,1,397
389,Cynthia,Morales,cynthia.morales389@example.com,555-333-6829,Jonathan Carter,555-542-4043,1,398
390,Rachel,Howard,rachel.howard390@example.com,555-776-7227,David Richardson,555-402-5037,1,399
391,Carolyn,Martinez,carolyn.martinez391@example.com,555-184-5390,Karen Carter,555-828-3527,1,400
392,Raymond,Roberts,raymond.roberts392@example.com,555-424-6909,Susan Lopez,555-105-6050,1,401
393,Jeffrey,Campbell,jeffrey.campbell393@example.com,555-879-5419,Susan Taylor,555-189-4070,1,402
394,Laura,Edwards,laura.edwards394@example.com,555-670-9395,Timothy Wilson,555-126-2468,1,403
395,Melissa,Peterson,melissa.peterson395@example.com,555-195-6315,Stephanie Johnson,555-398-7779,1,405
396,Stephanie,Hernandez,stephanie.hernandez396@example.com,555-842-4977,Pamela Gutierrez,555-273-7237,1,406
397,Nancy,Moore,nancy.moore397@example.com,555-375-5933,Steven Murphy,555-249-2036,1,407
398,Nancy,Parker,nancy.parker398@example.com,555-382-7899,Kenneth Morris,555-901-2260,1,408
399,Brian,Allen,brian.allen399@example.com,555-352-9123,Justin Ward,555-300-8501,1,409
400,Susan,Moore,susan.moore400@example.com,555-411-1110,Ronald Nelson,555-961-7224,1,410
401,George,Cruz,george.cruz401@example.com,555-442-8055,Christine Kim,555-239-5922,1,411
402,Carol,Cox,carol.cox402@example.com,555-811-4290,Amy Green,555-281-7524,1,413
403,Joshua,Nguyen,joshua.nguyen403@example.com,555-852-9044,Pamela Young,555-433-7161,1,414
404,Emily,Gomez,emily.gomez404@example.com,555-473-2865,Stephen Sanchez,555-706-9939,1,415
405,Lisa,Mendoza,lisa.mendoza405@example.com,555-886-1440,Janet Reyes,555-825-4434,1,416
406,Jeffrey,Nguyen,jeffrey.nguyen406@example.com,555-951-2133,Timothy Gray,555-611-3280,1,417
407,Katherine,Hill,katherine.hill407@example.com,555-347-5139,Samuel Martin,555-832-7932,1,418
408,Edward,Martinez,edward.martinez408@example.com,555-559-8851,Larry Phillips,555-647-9300,1,419
409,Alexander,Turner,alexander.turner409@example.com,555-656-1602,Brian Hughes,555-931-9796,1,420
410,Justin,Brooks,justin.brooks410@example.com,555-187-2791,Dennis Young,555-773-6816,1,421
411,Nancy,Chavez,nancy.chavez411@example.com,555-727-1725,Stephen Chavez,555-793-7547,1,422
412,Jack,Nelson,jack.nelson412@example.com,555-915-8052,Susan Johnson,555-200-5239,1,423
413,Donald,Rogers,donald.rogers413@example.com,555-864-9499,Brenda Howard,555-804-4621,1,424
414,Cynthia,Mitchell,cynthia.mitchell414@example.com,555-500-8586,Dennis Gray,555-702-9199,1,425
415,Karen,Hall,karen.hall415@example.com,555-125-8909,Susan Nguyen,555-525-2406,1,426
416,Joseph,Jackson,joseph.jackson416@example.com,555-456-6110,Amanda Collins,555-903-4389,1,427
417,Nicholas,Morris,nicholas.morris417@example.com,555-456-8801,Richard Cruz,555-839-8412,1,428
418,Joshua,Rodriguez,joshua.rodriguez418@example.com,555-407-1732,Frank Anderson,555-123-6620,1,429
419,Benjamin,Wilson,benjamin.wilson419@example.com,555-793-3692,Raymond Young,555-628-3858,1,430
420,Jonathan,Lee,jonathan.lee420@example.com,555-438-7985,Kathleen Robinson,555-916-7636,1,431
421,Brandon,White,brandon.white421@example.com,555-290-8080,Ronald Brown,555-855-4232,1,432
422,Cynthia,Ramos,cynthia.ramos422@example.com,555-539-7370,James Ramirez,555-310-5560,1,433
423,Jack,Rodriguez,jack.rodriguez423@example.com,555-691-2667,Eric White,555-474-6340,1,434
424,Betty,Collins,betty.collins424@example.com,555-216-5298,Debra Morales,555-640-6134,1,435
425,Justin,Roberts,justin.roberts425@example.com,555-725-7431,Nicole Anderson,555-456-6766,1,436
426,Ryan,Richardson,ryan.richardson426@example.com,555-276-5873,Scott Ramos,555-186-3194,1,437
427,Joshua,Thomas,joshua.thomas427@example.com,555-344-6003,Joseph White,555-482-3316,1,438
428,Angela,Roberts,angela.roberts428@example.com,555-528-3258,Pamela Roberts,555-533-4043,1,439
429,Gary,Brooks,gary.brooks429@example.com,555-650-3838,Brenda Perez,555-601-5732,1,440
430,Sarah,White,sarah.white430@example.com,555-422-8389,Samantha Miller,555-986-6882,1,441
431,Mary,Morales,mary.morales431@example.com,555-239-4196,Stephanie Bailey,555-617-9109,1,442
432,Timothy,Mendoza,timothy.mendoza432@example.com,555-603-7809,Frank Cruz,555-600-3740,1,443
433,David,Reed,david.reed433@example.com,555-131-4613,Donna Jones,555-381-4683,1,444
434,Eric,Torres,eric.torres434@example.com,555-272-8492,Stephen Murphy,555-662-9369,1,445
435,Joseph,Kelly,joseph.kelly435@example.com,555-216-5389,Heather Cooper,555-943-7010,1,446
436,Anna,Garcia,anna.garcia436@example.com,555-878-8231,Anna Ramirez,555-535-2677,1,447
437,Raymond,Wood,raymond.wood437@example.com,555-869-5055,Kenneth Jones,555-560-5305,1,448
438,Kevin,Lopez,kevin.lopez438@example.com,555-549-2923,Heather Walker,555-314-6744,1,449
439,Frank,Ward,frank.ward439@example.com,555-747-8015,Nancy Ward,555-242-4385,1,450
440,Anthony,Davis,anthony.davis440@example.com,555-683-6747,Eric Scott,555-711-9827,1,451
441,Nancy,Adams,nancy.adams441@example.com,555-820-5794,Donna Kelly,555-373-9428,1,452
442,Gregory,Gonzalez,gregory.gonzalez442@example.com,555-238-7743,Linda Scott,555-987-3078,1,453
443,Catherine,Taylor,catherine.taylor443@example.com,555-355-3396,Carolyn Adams,555-948-5055,1,454
444,Maria,Gray,maria.gray444@example.com,555-502-9019,Charles Kelly,555-747-5402,1,455
445,Brandon,Turner,brandon.turner445@example.com,555-484-8405,Elizabeth Brooks,555-913-2525,1,456
446,Rebecca,Rogers,rebecca.rogers446@example.com,555-867-5558,Alexander Mitchell,555-565-8996,1,457
447,Carol,Howard,carol.howard447@example.com,555-102-2526,Janet Collins,555-750-6869,1,458
448,William,Morgan,william.morgan448@example.com,555-507-4568,Jason Ramirez,555-606-5399,1,459
449,Carol,Torres,carol.torres449@example.com,555-445-9967,Pamela Taylor,555-679-8951,1,460
450,Amanda,Mendoza,amanda.mendoza450@example.com,555-880-1793,Jennifer Gonzalez,555-741-8529,1,461
451,John,Thomas,john.thomas451@example.com,555-978-3588,Jeffrey Collins,555-100-8009,1,462
452,Betty,Ruiz,betty.ruiz452@example.com,555-235-5945,Christopher Scott,555-195-6905,1,463
453,Paul,Hernandez,paul.hernandez453@example.com,555-480-3711,Michael Gomez,555-740-6005,1,464
454,Patrick,Hughes,patrick.hughes454@example.com,555-873-4836,Jason Wood,555-193-2559,1,465
455,James,Ramirez,james.ramirez455@example.com,555-588-2276,Thomas Ramos,555-331-9510,1,466
456,Rachel,Cruz,rachel.cruz456@example.com,555-109-1132,Catherine Baker,555-936-2975,1,467
457,Jason,Ruiz,jason.ruiz457@example.com,555-235-8826,Elizabeth Robinson,555-492-2463,1,468
458,Janet,Wilson,janet.wilson458@example.com,555-205-6133,Deborah Hill,555-240-7270,1,469
459,Heather,Moore,heather.moore459@example.com,555-756-3340,William Ortiz,555-676-1138,1,470
460,Scott,Wood,scott.wood460@example.com,555-268-8210,Kevin Ramirez,555-743-3480,1,471
461,Timothy,Ward,timothy.ward461@example.com,555-803-8248,Margaret Lopez,555-202-3293,1,472
462,Jack,Thomas,jack.thomas462@example.com,555-703-7291,Kevin Diaz,555-422-3290,1,473
463,Ashley,Scott,ashley.scott463@example.com,555-760-2380,Ashley Peterson,555-715-5668,1,474
464,Heather,Ruiz,heather.ruiz464@example.com,555-127-5942,Anthony Gutierrez,555-721-9348,1,475
465,Matthew,Gomez,matthew.gomez465@example.com,555-402-1894,Mark Murphy,555-495-2847,1,476
466,Mark,Murphy,mark.murphy466@example.com,555-753-2163,Helen Johnson,555-469-6185,1,477
467,Thomas,Roberts,thomas.roberts467@example.com,555-981-7895,Brian Cooper,555-799-3830,1,478
468,Maria,Stewart,maria.stewart468@example.com,555-888-2195,John Ramos,555-169-1225,1,479
469,Kimberly,Ramirez,kimberly.ramirez469@example.com,555-140-1990,Ronald Cook,555-393-9209,1,480
470,Dennis,Turner,dennis.turner470@example.com,555-533-7590,David Brooks,555-649-9808,1,481
471,Scott,Martin,scott.martin471@example.com,555-384-2369,Michelle Hernandez,555-623-4329,1,482
472,Karen,Morgan,karen.morgan472@example.com,555-434-7401,Nicole Brooks,555-881-2083,1,483
473,Michelle,Hughes,michelle.hughes473@example.com,555-547-4909,Linda Young,555-188-8118,1,484
474,Joseph,Collins,joseph.collins474@example.com,555-726-1901,Michelle Bennett,555-859-3877,1,485
475,Jessica,Johnson,jessica.johnson475@example.com,555-824-3248,Catherine Johnson,555-267-9133,1,486
476,Kevin,Gutierrez,kevin.gutierrez476@example.com,555-629-5247,Nancy Mitchell,555-229-5403,1,487
477,Janet,Thomas,janet.thomas477@example.com,555-889-1480,George Diaz,555-378-9582,1,488
478,William,King,william.king478@example.com,555-829-2262,Shirley Collins,555-623-6900,1,489
479,Linda,Murphy,linda.murphy479@example.com,555-979-3734,Deborah Lee,555-361-2685,1,490
480,Pamela,Gray,pamela.gray480@example.com,555-840-2889,Sandra Rogers,555-102-1721,1,491
481,Mary,Young,mary.young481@example.com,555-147-8729,Brian Roberts,555-253-3932,1,492
482,Robert,Peterson,robert.peterson482@example.com,555-922-7870,Donald Adams,555-354-7819,1,493
483,Patrick,Green,patrick.green483@example.com,555-377-2276,Pamela Mitchell,555-222-9225,1,494
484,Gregory,Miller,gregory.miller484@example.com,555-283-4656,Nicholas Garcia,555-510-2129,1,495
485,Kathleen,Torres,kathleen.torres485@example.com,555-892-6090,Carol Lopez,555-666-8483,1,496
486,Mary,Mitchell,mary.mitchell486@example.com,555-305-5777,Stephen Hill,555-857-4974,1,497
487,Kathleen,Mitchell,kathleen.mitchell487@example.com,555-705-9083,Dennis Sanchez,555-850-9954,1,498
488,Maria,Young,maria.young488@example.com,555-254-1104,Timothy Brown,555-338-9872,1,499
489,Kevin,Brooks,kevin.brooks489@example.com,555-959-1157,George Smith,555-877-7164,1,500
